pagina,link_viejo,destino_nuevo,texto
"/best-hotels-jerusalem","/jerusalem-neighborhoods-guide","/jerusalem","Jerusalem neighbourhoods guide"
"/best-hotels-jerusalem","/ein-kerem-jerusalem-guide","/jerusalem","Ein Kerem"
"/best-hotels-jerusalem","/new-luxury-hotels-israel-2026","(sin link)","new luxury hotels in Israel 2026 guide"
"/best-hotels-jerusalem","/jerusalem-neighborhoods-guide","/jerusalem","Jerusalem neighbourhoods guide"
"/best-hotels-jerusalem","/jerusalem-old-city-walking-tour","/jerusalem-tours-compared","Jerusalem Old City walking tour guide"
"/best-hotels-jerusalem","/church-holy-sepulchre-guide","(sin link)","Church of the Holy Sepulchre guide"
"/best-hotels-jerusalem","/jerusalem-food-guide","/jerusalem","Mahane Yehuda market guide"
"/best-hotels-jerusalem","/israel-accommodation-guide","(sin link)","Israel accommodation guide"
"/best-hotels-jerusalem","/transportation","(sin link)","transportation guide"
"/best-hotels-jerusalem","/tel-aviv-to-jerusalem","/jerusalem","Tel Aviv to Jerusalem guide"
"/best-hotels-tel-aviv","/tel-aviv-neighborhoods-guide","/tel-aviv","Tel Aviv neighborhoods guide"
"/best-hotels-tel-aviv","/new-luxury-hotels-israel-2026","/best-hotels-jerusalem","new luxury hotels in Israel 2026 guide"
"/best-hotels-tel-aviv","/jaffa-hotels-guide","(sin link)","Jaffa hotels guide"
"/best-hotels-tel-aviv","/tel-aviv-neighborhoods-guide","/tel-aviv","Tel Aviv neighborhoods guide"
"/best-hotels-tel-aviv","/tel-aviv-food-guide","/tel-aviv","Tel Aviv food guide"
"/best-hotels-tel-aviv","/tel-aviv-white-city","/tel-aviv","Tel Aviv White City guide"
"/best-hotels-tel-aviv","/israel-accommodation-guide","/best-hotels-jerusalem","Israel accommodation guide"
"/best-hotels-tel-aviv","/tel-aviv-light-rail","/tel-aviv","Tel Aviv light rail guide"
"/best-time-to-visit-israel","/easter-in-jerusalem","/jerusalem","Easter in Jerusalem pilgrim guide"
"/best-time-to-visit-israel","/israel-ramadan-guide","(sin link)","Ramadan in Israel guide"
"/best-time-to-visit-israel","/israel-in-spring","(sin link)","Israel in spring"
"/best-time-to-visit-israel","/israel-in-summer","(sin link)","beat-the-heat summer guide"
"/best-time-to-visit-israel","/sukkot-in-israel","(sin link)","Sukkot"
"/best-time-to-visit-israel","/israel-in-autumn","(sin link)","Israel in autumn guide"
"/best-time-to-visit-israel","/nazareth","/galilee","Nazareth"
"/best-time-to-visit-israel","/christmas-in-israel","(sin link)","Christmas in Israel guide"
"/best-time-to-visit-israel","/mount-hermon-skiing","/galilee","Mount Hermon"
"/best-time-to-visit-israel","/israel-in-winter","(sin link)","Israel in winter"
"/best-time-to-visit-israel","/israel-rainy-day-activities","(sin link)","rainy day activities guide"
"/best-time-to-visit-israel","/israel-ramadan-guide","(sin link)","Ramadan in Israel guide"
"/best-time-to-visit-israel","/shabbat-guide","(sin link)","Shabbat guide"
"/best-time-to-visit-israel","/israel-by-month","(sin link)","Israel by month travel calendar"
"/best-time-to-visit-israel","/israel-season-picker","(sin link)","interactive season picker"
"/car-rental-israel","/golan","/galilee","Golan Heights"
"/car-rental-israel","/israel-car-rental-quiz","(sin link)","Should I rent a car in Israel? quiz"
"/car-rental-israel","/israel-car-rental-comparison","(sin link)","Israel car rental company comparison"
"/car-rental-israel","/shabbat-guide","(sin link)","Shabbat guide"
"/car-rental-israel","/petra-from-eilat-vs-amman","/eilat","Petra"
"/car-rental-israel","/border-crossings","/visa-information","border crossings"
"/car-rental-israel","/israel-esim","(sin link)","eSIM"
"/car-rental-israel","/israel-travel-insurance","(sin link)","travel insurance"
"/car-rental-israel","/ben-gurion-airport-transfers","(sin link)","Ben Gurion airport transfers"
"/car-rental-israel","/israel-road-trip","(sin link)","Israel road trip itinerary"
"/car-rental-israel","/northern-israel-road-trip","(sin link)","Northern Israel road trip"
"/car-rental-israel","/israel-best-scenic-drives","(sin link)","best scenic drives in Israel guide"
"/car-rental-israel","/driving-in-israel","(sin link)","driving in Israel guide"
"/car-rental-israel","/israel-agritourism-guide","/jerusalem-tours-compared","Israel agritourism guide"
"/day-trips-from-tel-aviv","/jerusalem/old-city","/jerusalem","Old City"
"/day-trips-from-tel-aviv","/jerusalem/western-wall","/jerusalem","Western Wall"
"/day-trips-from-tel-aviv","/jerusalem/holy-sepulchre","/jerusalem","Holy Sepulchre"
"/day-trips-from-tel-aviv","/1-day-jerusalem-itinerary","/itineraries/7-days-in-israel","1-day Jerusalem itinerary"
"/day-trips-from-tel-aviv","/caesarea","/haifa","Caesarea"
"/day-trips-from-tel-aviv","/akko","/haifa","Akko"
"/day-trips-from-tel-aviv","/haifa/bahai-gardens","/haifa","Bahá'í Gardens"
"/day-trips-from-tel-aviv","/caesarea-guide","/haifa","Caesarea day-trip guide"
"/day-trips-from-tel-aviv","/akko-acre-guide","/haifa","Akko travel guide"
"/day-trips-from-tel-aviv","/dead-sea/masada","/dead-sea","Masada"
"/day-trips-from-tel-aviv","/dead-sea-day-trip-comparison","/dead-sea-tours-compared","Dead Sea: Jerusalem vs Tel Aviv departure comparison"
"/day-trips-from-tel-aviv","/tel-afek-guide","(sin link)","Tel Afek / Antipatris"
"/day-trips-from-tel-aviv","/herzliya-guide","(sin link)","Herzliya"
"/day-trips-from-tel-aviv","/netanya-guide","/haifa","Netanya"
"/day-trips-from-tel-aviv","/latrun-guide","(sin link)","Latrun"
"/day-trips-from-tel-aviv","/latrun-guide","(sin link)","Yad La-Shiryon tank museum"
"/day-trips-from-tel-aviv","/latrun-guide","(sin link)","Mini Israel"
"/day-trips-from-tel-aviv","/beer-sheva-guide","/negev","Beer-Sheva"
"/day-trips-from-tel-aviv","/israel-anzac-heritage","(sin link)","Israel ANZAC heritage trail guide"
"/day-trips-from-tel-aviv","/ashkelon-guide","(sin link)","Ashkelon"
"/day-trips-from-tel-aviv","/ashkelon-guide","(sin link)","Ashkelon guide"
"/day-trips-from-tel-aviv","/nazareth","/galilee","Nazareth"
"/day-trips-from-tel-aviv","/transportation","(sin link)","train"
"/day-trips-from-tel-aviv","/day-trips-from-jerusalem","/jerusalem-tours-compared","day trips from Jerusalem"
"/day-trips-from-tel-aviv","/best-tours-in-israel","/jerusalem-tours-compared","tours and day trips"
"/day-trips-from-tel-aviv","/israel-tour-packages","/jerusalem-tours-compared","multi-day package"
"/de/best-hotels-jerusalem","/jerusalem-neighborhoods-guide","/de/jerusalem","Jerusalemer Stadtviertel-Führe"
"/de/best-hotels-jerusalem","/new-luxury-hotels-israel-2026","(sin link)","Neue Luxushotels in Israel 2026"
"/de/best-hotels-jerusalem","/jerusalem-neighborhoods-guide","/de/jerusalem","Jerusalemer Stadtviertel-Führe"
"/de/best-hotels-jerusalem","/de/jerusalem-old-city-walking-tour","/de/jerusalem-tours-compared","Jerusalem-Altstadt-Rundgang"
"/de/best-hotels-jerusalem","/de/church-holy-sepulchre-guide","(sin link)","Grabeskirche-Führe"
"/de/best-hotels-jerusalem","/de/jerusalem-food-guide","/de/jerusalem","Mahane-Yehuda-Markt-Führe"
"/de/best-hotels-jerusalem","/de/israel-accommodation-guide","(sin link)","Israel-Unterkunft-Führe"
"/de/best-hotels-jerusalem","/de/tel-aviv-to-jerusalem","/de/jerusalem","Tel-Aviv-nach-Jerusalem-Führe"
"/de/best-hotels-tel-aviv","/de/tel-aviv-neighborhoods-guide","/de/tel-aviv","Tel-Aviv-Stadtviertel-Führe"
"/de/best-hotels-tel-aviv","/de/jaffa-travel-guide","/de/tel-aviv","Jaffa-Reiseführer"
"/de/best-hotels-tel-aviv","/de/tel-aviv-neighborhoods-guide","/de/tel-aviv","Tel-Aviv-Stadtviertel-Führe"
"/de/best-hotels-tel-aviv","/de/tel-aviv-food-guide","/de/tel-aviv","Tel-Aviv-Foodführe"
"/de/best-hotels-tel-aviv","/de/tel-aviv-white-city","/de/tel-aviv","Weißen-Stadt-Führe"
"/de/best-hotels-tel-aviv","/de/tel-aviv-light-rail","/de/tel-aviv","die Rote Linie Stadtbahn"
"/de/best-hotels-tel-aviv","/de/israel-accommodation-guide","/de/best-hotels-jerusalem","Israel-Unterkunft-Führe"
"/de/best-time-to-visit-israel","/nazareth","/de/galilee","Nazareth"
"/de/best-time-to-visit-israel","/de/shabbat-guide","(sin link)","Schabbat-Ratgeber"
"/de/car-rental-israel","/golan","/de/galilee","Golanhöhen"
"/de/car-rental-israel","/de/shabbat-guide","(sin link)","Schabbat-Reiseführer"
"/de/car-rental-israel","/petra-from-eilat-vs-amman","/de/eilat","Petra"
"/de/car-rental-israel","/de/border-crossings","/de/visa-information","Grenzübergänge"
"/de/car-rental-israel","/israel-esim","(sin link)","eSIM"
"/de/car-rental-israel","/de/israel-travel-insurance","(sin link)","Reiseversicherung"
"/de/car-rental-israel","/ben-gurion-airport-transfers","(sin link)","Ben-Gurion-Flughafentransfers"
"/de/car-rental-israel","/de/driving-in-israel","(sin link)","Reiseführer zum Autofahren in Israel"
"/de/day-trips-from-tel-aviv","/jerusalem/old-city","/de/jerusalem","Altstadt"
"/de/day-trips-from-tel-aviv","/jerusalem/western-wall","/de/jerusalem","Klagemauer"
"/de/day-trips-from-tel-aviv","/jerusalem/holy-sepulchre","/de/jerusalem","Grabeskirche"
"/de/day-trips-from-tel-aviv","/caesarea","/de/haifa","Caesarea"
"/de/day-trips-from-tel-aviv","/akko","/de/haifa","Akko"
"/de/day-trips-from-tel-aviv","/haifa/bahai-gardens","/de/haifa","Bahá'í-Gärten"
"/de/day-trips-from-tel-aviv","/dead-sea/masada","/de/dead-sea","Masada"
"/de/day-trips-from-tel-aviv","/nazareth","/de/galilee","Nazareth"
"/de/day-trips-from-tel-aviv","/de/transportation","(sin link)","Zug"
"/de/day-trips-from-tel-aviv","/de/day-trips-from-jerusalem","/de/jerusalem-tours-compared","Tagesausflüge von Jerusalem"
"/de/day-trips-from-tel-aviv","/de/best-tours-in-israel","/de/jerusalem-tours-compared","Touren und Ausflügen"
"/de/day-trips-from-tel-aviv","/israel-tour-packages","/de/jerusalem-tours-compared","mehrtägiges Reisepaket"
"/de/dead-sea-hotels-guide","/de/dead-sea-guide","/de/dead-sea","Totes-Meer-Reiseführer"
"/de/dead-sea-hotels-guide","/de/masada-dead-sea-day-trip","/de/dead-sea-tours-compared","Masada und Totes-Meer-Tagestouren"
"/de/dead-sea-hotels-guide","/de/dead-sea-guide","/de/dead-sea","Totes-Meer-Reiseführer"
"/de/dead-sea-hotels-guide","/eilat-hotels-guide","/de/eilat","Eilat Hotels Führe"
"/de/dead-sea-hotels-guide","/de/israel-accommodation-guide","/de/best-hotels-jerusalem","Israel-Unterkunft Führe"
"/de/dead-sea-tours-compared","/de/masada-tours-compared","(sin link)","Masada-Touren-Vergleich"
"/de/dead-sea-tours-compared","/qumran-guide","/de/dead-sea","Qumran"
"/de/dead-sea-tours-compared","/dead-sea/ein-gedi","/de/dead-sea","Ein-Gedi-Canyons"
"/de/dead-sea-tours-compared","/de/israel-national-parks-pass","(sin link)","Israel-Nationalpark-Pass"
"/de/dead-sea-tours-compared","/de/driving-in-israel","/de/car-rental-israel","Fahren-in-Israel-Führer"
"/de/dead-sea-tours-compared","/private-tours-israel","/de/jerusalem-tours-compared","Privattouren-Führer"
"/de/dead-sea-tours-compared","/de/dead-sea-guide","/de/dead-sea","Totes-Meer-Reiseführer"
"/de/dead-sea-tours-compared","/de/masada-visitor-guide","/de/dead-sea","Masada-Besucher-Führer"
"/de/dead-sea-tours-compared","/de/masada-tours-compared","(sin link)","Masada-Touren verglichen"
"/de/dead-sea-tours-compared","/de/dead-sea-vs-eilat","/de/dead-sea","Totes Meer oder Eilat?"
"/de/dead-sea-tours-compared","/de/israel-national-parks-pass","(sin link)","Israel Nationalpark-Pass"
"/de/dead-sea-tours-compared","/de/dead-sea-medical-tourism","(sin link)","Totes-Meer-Medizintourismus"
"/de/first-time-in-israel","/nazareth","/de/galilee","Nazareth"
"/de/first-time-in-israel","/de/transportation","(sin link)","Reiseführer Verkehr & Transport"
"/de/first-time-in-israel","/de/shabbat-guide","(sin link)","Schabbat-Ratgeber"
"/de/first-time-in-israel","/de/israel-cost-budget","(sin link)","Ratgeber zu Reisekosten"
"/de/is-israel-safe","/de/shabbat-guide","(sin link)","Schabbat"
"/de/jerusalem-tours-compared","/jerusalem/western-wall","/de/jerusalem","Klagemauer"
"/de/jerusalem-tours-compared","/jerusalem/holy-sepulchre","/de/jerusalem","Grabeskirche"
"/de/jerusalem-tours-compared","/jerusalem/via-dolorosa","/de/jerusalem","Via Dolorosa"
"/de/jerusalem-tours-compared","/jerusalem/old-city","/de/jerusalem","Altstadt"
"/de/jerusalem-tours-compared","/jerusalem/mount-of-olives","/de/jerusalem","Ölberg"
"/de/jerusalem-tours-compared","/jerusalem/israel-museum","/de/jerusalem","Israel Museum"
"/de/jerusalem-tours-compared","/jerusalem/city-of-david","/de/jerusalem","Davidsstadt"
"/de/jerusalem-tours-compared","/de/jerusalem-bethlehem-day-trip","(sin link)","Jerusalem & Bethlehem Tagesausflug-Guide"
"/de/jerusalem-tours-compared","/jerusalem/western-wall","/de/jerusalem","Klagemauer"
"/de/jerusalem-tours-compared","/private-tours-israel","(sin link)","Privattouren-Guide"
"/de/jerusalem-tours-compared","/private-tours-israel","(sin link)","Privatführer"
"/de/jerusalem-tours-compared","/de/best-holy-land-tours","(sin link)","Heilig-Land-Touren-Guide"
"/de/jerusalem-tours-compared","/de/best-tours-in-israel","(sin link)","beste Touren in Israel"
"/de/jerusalem-tours-compared","/de/day-trips-from-jerusalem","(sin link)","Tagesausflüge ab Jerusalem"
"/de/jerusalem-tours-compared","/where-to-stay/jerusalem","/de/best-hotels-jerusalem","Unterkunft in Jerusalem"
"/de/visa-information","/de/border-crossings","(sin link)","Ratgeber zu Grenzübergängen"
"/de/visa-information","/israel-esim","(sin link)","eSIM"
"/de/visa-information","/de/israel-travel-insurance","(sin link)","Reiseversicherung"
"/de/visa-information","/ben-gurion-airport-transfers","(sin link)","Flughafentransfer"
"/dead-sea-hotels-guide","/dead-sea-guide","/dead-sea","Dead Sea visitor guide"
"/dead-sea-hotels-guide","/masada-dead-sea-day-trip","/dead-sea-tours-compared","Masada and Dead Sea day trips"
"/dead-sea-hotels-guide","/dead-sea-guide","/dead-sea","Dead Sea visitor guide"
"/dead-sea-hotels-guide","/masada-dead-sea-day-trip","/dead-sea-tours-compared","Masada and Dead Sea day trip guide"
"/dead-sea-hotels-guide","/eilat-hotels-guide","/eilat","Eilat hotels guide"
"/dead-sea-hotels-guide","/israel-accommodation-guide","/best-hotels-jerusalem","Israel accommodation guide"
"/dead-sea-tours-compared","/masada-tours-compared","(sin link)","Masada tours compared"
"/dead-sea-tours-compared","/qumran-guide","/dead-sea","Qumran"
"/dead-sea-tours-compared","/dead-sea/ein-gedi","/dead-sea","Ein Gedi nature reserve"
"/dead-sea-tours-compared","/israel-national-parks-pass","(sin link)","Israel National Parks Pass"
"/dead-sea-tours-compared","/driving-in-israel","/car-rental-israel","driving in Israel guide"
"/dead-sea-tours-compared","/private-tours-israel","/jerusalem-tours-compared","private tours guide"
"/dead-sea-tours-compared","/masada-dead-sea-day-trip","(sin link)","Masada and Dead Sea day trip guide"
"/dead-sea-tours-compared","/dead-sea-day-trip-comparison","(sin link)","Jerusalem vs Tel Aviv departure comparison"
"/dead-sea-tours-compared","/best-tours-in-israel","/jerusalem-tours-compared","best tours in Israel"
"/dead-sea-tours-compared","/nahal-pratzim-guide","(sin link)","Nahal Pratzim salt canyon"
"/es/best-hotels-jerusalem","/jerusalem-neighborhoods-guide","/es/jerusalem","guía de barrios de Jerusalén"
"/es/best-hotels-jerusalem","/ein-kerem-jerusalem-guide","/es/jerusalem","Ein Kerem"
"/es/best-hotels-jerusalem","/new-luxury-hotels-israel-2026","(sin link)","guía de nuevos hoteles de lujo en Israel 2026"
"/es/best-hotels-jerusalem","/jerusalem-neighborhoods-guide","/es/jerusalem","guía de barrios de Jerusalén"
"/es/best-hotels-jerusalem","/jerusalem-old-city-walking-tour","/es/jerusalem-tours-compared","guía de recorrido a pie por la Ciudad Vieja de Jerusalén"
"/es/best-hotels-jerusalem","/church-holy-sepulchre-guide","(sin link)","guía de la Iglesia del Santo Sepulcro"
"/es/best-hotels-jerusalem","/jerusalem-food-guide","/es/jerusalem","guía del mercado Mahane Yehuda"
"/es/best-hotels-jerusalem","/es/israel-accommodation-guide","(sin link)","guía de alojamiento en Israel"
"/es/best-hotels-jerusalem","/es/transportation","(sin link)","guía de transportes"
"/es/best-hotels-tel-aviv","/tel-aviv-neighborhoods-guide","/es/tel-aviv","guía de barrios de Tel Aviv"
"/es/best-hotels-tel-aviv","/new-luxury-hotels-israel-2026","/es/best-hotels-jerusalem","guía de nuevos hoteles de lujo en Israel 2026"
"/es/best-hotels-tel-aviv","/jaffa-hotels-guide","(sin link)","guía de hoteles en Jaffa"
"/es/best-hotels-tel-aviv","/tel-aviv-neighborhoods-guide","/es/tel-aviv","guía de barrios de Tel Aviv"
"/es/best-hotels-tel-aviv","/tel-aviv-food-guide","/es/tel-aviv","guía gastronómica de Tel Aviv"
"/es/best-hotels-tel-aviv","/tel-aviv-white-city","/es/tel-aviv","guía de la Ciudad Blanca de Tel Aviv"
"/es/best-hotels-tel-aviv","/es/israel-accommodation-guide","/es/best-hotels-jerusalem","guía de alojamiento en Israel"
"/es/best-hotels-tel-aviv","/tel-aviv-light-rail","/es/tel-aviv","guía del tren ligero de Tel Aviv"
"/es/best-time-to-visit-israel","/israel-in-spring","(sin link)","Israel en primavera"
"/es/best-time-to-visit-israel","/israel-in-summer","(sin link)","guía de verano"
"/es/best-time-to-visit-israel","/sukkot-in-israel","(sin link)","Sucot"
"/es/best-time-to-visit-israel","/israel-in-autumn","(sin link)","guía de otoño en Israel"
"/es/best-time-to-visit-israel","/es/nazareth","/es/galilee","Nazaret"
"/es/best-time-to-visit-israel","/christmas-in-israel","(sin link)","guía de Navidad en Israel"
"/es/best-time-to-visit-israel","/mount-hermon-skiing","/es/galilee","Monte Hermón"
"/es/best-time-to-visit-israel","/israel-in-winter","(sin link)","Israel en invierno"
"/es/best-time-to-visit-israel","/shabbat-guide","(sin link)","guía del Shabat"
"/es/best-time-to-visit-israel","/israel-by-month","(sin link)","calendario de viaje de Israel por mes"
"/es/best-time-to-visit-israel","/israel-season-picker","(sin link)","selector de temporada interactivo"
"/es/car-rental-israel","/es/golan","/es/galilee","Altos del Golán"
"/es/car-rental-israel","/es/shabbat-guide","(sin link)","guía del Shabat"
"/es/car-rental-israel","/petra-from-eilat-vs-amman","/es/eilat","Petra"
"/es/car-rental-israel","/border-crossings","/es/visa-information","guía de cruces fronterizos"
"/es/car-rental-israel","/israel-esim","(sin link)","eSIM"
"/es/car-rental-israel","/es/israel-travel-insurance","(sin link)","seguro de viaje"
"/es/car-rental-israel","/es/ben-gurion-airport-transfers","(sin link)","traslados desde el Aeropuerto Ben Gurion"
"/es/car-rental-israel","/es/driving-in-israel","(sin link)","guía de conducción en Israel"
"/es/day-trips-from-tel-aviv","/es/jerusalem/old-city","/es/jerusalem","Ciudad Vieja"
"/es/day-trips-from-tel-aviv","/es/jerusalem/western-wall","/es/jerusalem","Muro de los Lamentos"
"/es/day-trips-from-tel-aviv","/jerusalem/holy-sepulchre","/es/jerusalem","Santo Sepulcro"
"/es/day-trips-from-tel-aviv","/es/1-day-jerusalem-itinerary","/es/itineraries/7-days-in-israel","itinerario de 1 día en Jerusalén"
"/es/day-trips-from-tel-aviv","/es/caesarea","/es/haifa","Cesarea"
"/es/day-trips-from-tel-aviv","/es/akko","/es/haifa","Akko"
"/es/day-trips-from-tel-aviv","/es/haifa/bahai-gardens","/es/haifa","Jardines Bahá'í"
"/es/day-trips-from-tel-aviv","/es/dead-sea/masada","/es/dead-sea","Masada"
"/es/day-trips-from-tel-aviv","/dead-sea-day-trip-comparison","/es/dead-sea-tours-compared","comparación de salidas al Mar Muerto desde Jerusalén y Tel Aviv"
"/es/day-trips-from-tel-aviv","/tel-afek-guide","(sin link)","Tel Afek / Antípatris"
"/es/day-trips-from-tel-aviv","/herzliya-guide","(sin link)","Herzliya"
"/es/day-trips-from-tel-aviv","/netanya-guide","/es/haifa","Netanya"
"/es/day-trips-from-tel-aviv","/latrun-guide","(sin link)","Latrun"
"/es/day-trips-from-tel-aviv","/beer-sheva-guide","/es/negev","Beer-Sheva"
"/es/day-trips-from-tel-aviv","/ashkelon-guide","(sin link)","Ashdod"
"/es/day-trips-from-tel-aviv","/es/nazareth","/es/galilee","Nazaret"
"/es/day-trips-from-tel-aviv","/es/transportation","(sin link)","tren"
"/es/day-trips-from-tel-aviv","/es/day-trips-from-jerusalem","/es/jerusalem-tours-compared","excursiones desde Jerusalén"
"/es/day-trips-from-tel-aviv","/es/best-tours-in-israel","/es/jerusalem-tours-compared","tours y excursiones"
"/es/day-trips-from-tel-aviv","/israel-tour-packages","/es/jerusalem-tours-compared","paquetes de varios días"
"/es/dead-sea-hotels-guide","/es/dead-sea-guide","/es/dead-sea","guía de visita al Mar Muerto"
"/es/dead-sea-hotels-guide","/masada-dead-sea-day-trip","/es/dead-sea-tours-compared","guía de excursiones de un día a Masada y el Mar Muerto"
"/es/dead-sea-hotels-guide","/es/dead-sea-guide","/es/dead-sea","guía de visita al Mar Muerto"
"/es/dead-sea-hotels-guide","/masada-dead-sea-day-trip","/es/dead-sea-tours-compared","guía de excursión a Masada y el Mar Muerto"
"/es/dead-sea-hotels-guide","/es/eilat-hotels-guide","/es/eilat","guía de hoteles de Eilat"
"/es/dead-sea-hotels-guide","/es/israel-accommodation-guide","/es/best-hotels-jerusalem","guía de alojamiento en Israel"
"/es/dead-sea-tours-compared","/masada-tours-compared","(sin link)","guía de tours de Masada comparados"
"/es/dead-sea-tours-compared","/qumran-guide","/es/dead-sea","Qumrán"
"/es/dead-sea-tours-compared","/dead-sea/ein-gedi","/es/dead-sea","reserva natural de Ein Gedi"
"/es/dead-sea-tours-compared","/es/dead-sea-guide","/es/dead-sea","guía del Mar Muerto"
"/es/dead-sea-tours-compared","/es/best-tours-in-israel","/es/jerusalem-tours-compared","guía de los mejores tours en Israel"
"/es/dead-sea-tours-compared","/nahal-pratzim-guide","(sin link)","cañón de sal Nahal Pratzim"
"/es/first-time-in-israel","/es/nazareth","/es/galilee","Nazaret"
"/es/first-time-in-israel","/es/transportation","(sin link)","guía de transporte"
"/es/first-time-in-israel","/shabbat-guide","(sin link)","guía del Shabat"
"/es/first-time-in-israel","/israel-base-city-guide","(sin link)","guía de ciudad base"
"/es/first-time-in-israel","/es/israel-cost-budget","(sin link)","guía de presupuesto"
"/es/first-time-in-israel","/israel-travel-tips","(sin link)","20 cosas que saber antes de visitar Israel"
"/es/first-time-in-israel","/israel-for-argentinian-travelers","(sin link)","guía para viajeros argentinos"
"/es/first-time-in-israel","/israel-for-spanish-travelers","(sin link)","guía para viajeros españoles"
"/es/is-israel-safe","/shabbat-guide","(sin link)","Shabat"
"/es/jerusalem-tours-compared","/es/western-wall-guide","/es/jerusalem","Muro de los Lamentos"
"/es/jerusalem-tours-compared","/es/church-holy-sepulchre-guide","(sin link)","Iglesia del Santo Sepulcro"
"/es/jerusalem-tours-compared","/es/day-trips-from-jerusalem","(sin link)","guía de excursiones de día desde Jerusalén"
"/es/jerusalem-tours-compared","/es/western-wall-guide","/es/jerusalem","Muro de los Lamentos (Kotel / הַכּוֹתֶל הַמַּעֲרָבִי)"
"/es/jerusalem-tours-compared","/es/best-tours-in-israel","(sin link)","guía de los mejores tours de Israel"
"/es/jerusalem-tours-compared","/es/western-wall-guide","/es/jerusalem","guía del Muro de los Lamentos"
"/es/visa-information","/border-crossings","(sin link)","guía de pasos fronterizos"
"/es/visa-information","/israel-esim","(sin link)","eSIM"
"/es/visa-information","/israel-travel-insurance","(sin link)","seguro de viaje"
"/es/visa-information","/ben-gurion-airport-transfers","(sin link)","traslado desde el aeropuerto"
"/first-time-in-israel","/nazareth","/galilee","Nazareth"
"/first-time-in-israel","/transportation","(sin link)","transportation guide"
"/first-time-in-israel","/shabbat-guide","(sin link)","Shabbat guide"
"/first-time-in-israel","/israel-power-plug","(sin link)","Israel power plug guide"
"/first-time-in-israel","/israel-packing-list-guide","(sin link)","Israel packing guide"
"/first-time-in-israel","/israel-base-city-guide","(sin link)","base city guide"
"/first-time-in-israel","/israel-cost-budget","(sin link)","cost and budget guide"
"/first-time-in-israel","/guided-vs-self-guided-israel","/jerusalem-tours-compared","guided vs self-guided Israel guide"
"/first-time-in-israel","/israel-vs-turkey","(sin link)","Israel vs Turkey"
"/first-time-in-israel","/israel-vs-albania","(sin link)","Israel vs Albania"
"/first-time-in-israel","/israel-after-birthright","(sin link)","guide for returning alumni"
"/first-time-in-israel","/israel-travel-tips","(sin link)","20 Things to Know Before Visiting Israel"
"/first-time-in-israel","/israel-travel-2026","(sin link)","Israel travel 2026: what's new & open"
"/first-time-in-israel","/digital-nomad-israel","(sin link)","digital nomad in Israel guide"
"/first-time-in-israel","/israel-for-american-travelers","(sin link)","US visitors"
"/first-time-in-israel","/israel-for-british-travelers","(sin link)","UK visitors"
"/first-time-in-israel","/israel-for-german-travelers","(sin link)","German visitors"
"/first-time-in-israel","/israel-for-swiss-travelers","(sin link)","Swiss visitors"
"/first-time-in-israel","/israel-for-czech-travelers","(sin link)","Czech visitors"
"/first-time-in-israel","/israel-for-indian-travelers","(sin link)","Indian visitors"
"/first-time-in-israel","/israel-for-filipino-travelers","(sin link)","Filipino visitors"
"/first-time-in-israel","/israel-for-argentinian-travelers","(sin link)","Argentine visitors"
"/first-time-in-israel","/israel-for-korean-travelers","(sin link)","Korean visitors"
"/first-time-in-israel","/israel-for-south-african-travelers","(sin link)","South African visitors"
"/first-time-in-israel","/israel-for-russian-speaking-travelers","(sin link)","Russian-speaking visitors"
"/first-time-in-israel","/israel-for-irish-travelers","(sin link)","Irish visitors"
"/first-time-in-israel","/israel-for-portuguese-travelers","(sin link)","Portuguese visitors"
"/first-time-in-israel","/israel-for-italian-travelers","(sin link)","Italian visitors"
"/first-time-in-israel","/israel-for-spanish-travelers","(sin link)","Spanish visitors"
"/first-time-in-israel","/israel-for-french-travelers","(sin link)","French visitors"
"/first-time-in-israel","/israel-for-serbian-travelers","(sin link)","Serbian visitors"
"/first-time-in-israel","/israel-for-nordic-travelers","(sin link)","Nordic visitors"
"/first-time-in-israel","/israel-for-gulf-travelers","(sin link)","Gulf visitors — UAE, Bahrain & Morocco"
"/fr/best-hotels-jerusalem","/jerusalem-neighborhoods-guide","/fr/jerusalem","guide des quartiers de Jérusalem"
"/fr/best-hotels-jerusalem","/new-luxury-hotels-israel-2026","(sin link)","guide des nouveaux hôtels de luxe en Israël 2026"
"/fr/best-hotels-jerusalem","/jerusalem-neighborhoods-guide","/fr/jerusalem","guide des quartiers de Jérusalem"
"/fr/best-hotels-jerusalem","/fr/jerusalem-old-city-walking-tour","/fr/jerusalem-tours-compared","guide de la balade dans la Vieille Ville de Jérusalem"
"/fr/best-hotels-jerusalem","/fr/church-holy-sepulchre-guide","(sin link)","guide du Saint-Sépulcre"
"/fr/best-hotels-jerusalem","/fr/jerusalem-food-guide","/fr/jerusalem","guide du marché Mahane Yehuda"
"/fr/best-hotels-jerusalem","/fr/israel-accommodation-guide","(sin link)","guide de l'hébergement en Israël"
"/fr/best-hotels-jerusalem","/fr/transportation","(sin link)","guide des transports"
"/fr/best-hotels-tel-aviv","/fr/tel-aviv-neighborhoods-guide","/fr/tel-aviv","guide des quartiers de Tel Aviv"
"/fr/best-hotels-tel-aviv","/fr/israel-accommodation-guide","/fr/best-hotels-jerusalem","guide de l'hébergement en Israël"
"/fr/best-time-to-visit-israel","/nazareth","/fr/galilee","Nazareth"
"/fr/best-time-to-visit-israel","/fr/shabbat-guide","(sin link)","guide du Shabbat"
"/fr/car-rental-israel","/golan","/fr/galilee","Golan"
"/fr/car-rental-israel","/fr/shabbat-guide","(sin link)","guide du Shabbat"
"/fr/car-rental-israel","/petra-from-eilat-vs-amman","/fr/eilat","Petra"
"/fr/car-rental-israel","/fr/border-crossings","/fr/visa-information","passages frontaliers"
"/fr/car-rental-israel","/israel-esim","(sin link)","eSIM"
"/fr/car-rental-israel","/fr/israel-travel-insurance","(sin link)","assurance voyage"
"/fr/car-rental-israel","/ben-gurion-airport-transfers","(sin link)","transferts depuis Ben Gourion"
"/fr/car-rental-israel","/fr/driving-in-israel","(sin link)","guide de conduite en Israël"
"/fr/day-trips-from-tel-aviv","/jerusalem/old-city","/fr/jerusalem","Vieille Ville"
"/fr/day-trips-from-tel-aviv","/jerusalem/western-wall","/fr/jerusalem","mur des Lamentations"
"/fr/day-trips-from-tel-aviv","/jerusalem/holy-sepulchre","/fr/jerusalem","Saint-Sépulcre"
"/fr/day-trips-from-tel-aviv","/caesarea","/fr/haifa","Césarée"
"/fr/day-trips-from-tel-aviv","/akko","/fr/haifa","Akko"
"/fr/day-trips-from-tel-aviv","/haifa/bahai-gardens","/fr/haifa","jardins Bahá'ís"
"/fr/day-trips-from-tel-aviv","/dead-sea/masada","/fr/dead-sea","Masada"
"/fr/day-trips-from-tel-aviv","/nazareth","/fr/galilee","Nazareth"
"/fr/day-trips-from-tel-aviv","/fr/transportation","(sin link)","train"
"/fr/day-trips-from-tel-aviv","/fr/day-trips-from-jerusalem","/fr/jerusalem-tours-compared","excursions depuis Jérusalem"
"/fr/day-trips-from-tel-aviv","/fr/best-tours-in-israel","/fr/jerusalem-tours-compared","circuits et excursions"
"/fr/day-trips-from-tel-aviv","/israel-tour-packages","/fr/jerusalem-tours-compared","séjour multi-jours"
"/fr/dead-sea-hotels-guide","/fr/dead-sea-guide","/fr/dead-sea","guide complet de la Mer Morte"
"/fr/dead-sea-hotels-guide","/fr/dead-sea-guide","/fr/dead-sea","guide des visiteurs de la Mer Morte"
"/fr/dead-sea-hotels-guide","/fr/masada-dead-sea-day-trip","/fr/dead-sea-tours-compared","guide des excursions Massada et Mer Morte"
"/fr/dead-sea-hotels-guide","/fr/eilat-hotels-guide","/fr/eilat","guide des hôtels à Eilat"
"/fr/dead-sea-hotels-guide","/fr/israel-accommodation-guide","/fr/best-hotels-jerusalem","guide de l'hébergement en Israël"
"/fr/dead-sea-tours-compared","/fr/masada-tours-compared","(sin link)","comparatif des circuits Massada"
"/fr/dead-sea-tours-compared","/qumran-guide","/fr/dead-sea","Qumran"
"/fr/dead-sea-tours-compared","/dead-sea-guide","/fr/dead-sea","Réserve naturelle d'Ein Gedi"
"/fr/dead-sea-tours-compared","/fr/private-tours-israel","/fr/jerusalem-tours-compared","guide des circuits privés"
"/fr/dead-sea-tours-compared","/fr/dead-sea-guide","/fr/dead-sea","guide de la Mer Morte"
"/fr/dead-sea-tours-compared","/fr/dead-sea-day-trip-comparison","(sin link)","comparatif de départ Jérusalem vs Tel Aviv"
"/fr/dead-sea-tours-compared","/fr/best-tours-in-israel","/fr/jerusalem-tours-compared","guide des meilleurs circuits en Israël"
"/fr/first-time-in-israel","/nazareth","/fr/galilee","Nazareth"
"/fr/first-time-in-israel","/fr/transportation","(sin link)","guide des transports"
"/fr/first-time-in-israel","/fr/shabbat-guide","(sin link)","guide du Shabbat"
"/fr/first-time-in-israel","/fr/israel-cost-budget","(sin link)","guide des coûts"
"/fr/is-israel-safe","/fr/shabbat-guide","(sin link)","Shabbat"
"/fr/jerusalem-tours-compared","/jerusalem/western-wall","/fr/jerusalem","Mur des Lamentations"
"/fr/jerusalem-tours-compared","/jerusalem/holy-sepulchre","/fr/jerusalem","église du Saint-Sépulcre"
"/fr/jerusalem-tours-compared","/jerusalem/via-dolorosa","/fr/jerusalem","Via Dolorosa"
"/fr/jerusalem-tours-compared","/jerusalem/old-city","/fr/jerusalem","Vieille Ville"
"/fr/jerusalem-tours-compared","/jerusalem/mount-of-olives","/fr/jerusalem","mont des Oliviers"
"/fr/jerusalem-tours-compared","/jerusalem/israel-museum","/fr/jerusalem","Musée d'Israël"
"/fr/jerusalem-tours-compared","/jerusalem/city-of-david","/fr/jerusalem","Cité de David"
"/fr/jerusalem-tours-compared","/fr/jerusalem-bethlehem-day-trip","(sin link)","guide de l'excursion Jérusalem & Bethléem"
"/fr/jerusalem-tours-compared","/jerusalem/western-wall","/fr/jerusalem","Mur des Lamentations"
"/fr/jerusalem-tours-compared","/private-tours-israel","(sin link)","guide des circuits privés"
"/fr/jerusalem-tours-compared","/private-tours-israel","(sin link)","guide privé"
"/fr/jerusalem-tours-compared","/fr/best-holy-land-tours","(sin link)","guide des circuits en Terre Sainte"
"/fr/jerusalem-tours-compared","/fr/best-tours-in-israel","(sin link)","meilleurs circuits en Israël"
"/fr/jerusalem-tours-compared","/fr/day-trips-from-jerusalem","(sin link)","excursions depuis Jérusalem"
"/fr/jerusalem-tours-compared","/where-to-stay/jerusalem","/fr/best-hotels-jerusalem","où séjourner à Jérusalem"
"/fr/visa-information","/fr/border-crossings","(sin link)","guide des passages frontaliers"
"/fr/visa-information","/israel-esim","(sin link)","eSIM"
"/fr/visa-information","/fr/israel-travel-insurance","(sin link)","assurance voyage"
"/fr/visa-information","/ben-gurion-airport-transfers","(sin link)","transfert depuis l'aéroport"
"/is-israel-safe","/shabbat-guide","(sin link)","Shabbat"
"/jerusalem-tours-compared","/jerusalem/western-wall","/jerusalem","Western Wall"
"/jerusalem-tours-compared","/jerusalem/holy-sepulchre","/jerusalem","Church of the Holy Sepulchre"
"/jerusalem-tours-compared","/jerusalem/via-dolorosa","/jerusalem","Via Dolorosa"
"/jerusalem-tours-compared","/jerusalem/old-city","/jerusalem","Old City"
"/jerusalem-tours-compared","/jerusalem/mount-of-olives","/jerusalem","Mount of Olives"
"/jerusalem-tours-compared","/jerusalem/israel-museum","/jerusalem","Israel Museum"
"/jerusalem-tours-compared","/jerusalem/city-of-david","/jerusalem","City of David"
"/jerusalem-tours-compared","/jerusalem-bethlehem-day-trip","(sin link)","Jerusalem & Bethlehem day trip"
"/jerusalem-tours-compared","/jerusalem/western-wall","/jerusalem","Western Wall"
"/jerusalem-tours-compared","/private-tours-israel","(sin link)","private tours guide"
"/jerusalem-tours-compared","/private-tours-israel","(sin link)","private guide"
"/jerusalem-tours-compared","/best-holy-land-tours","(sin link)","Holy Land tours"
"/jerusalem-tours-compared","/best-tours-in-israel","(sin link)","best tours in Israel"
"/jerusalem-tours-compared","/day-trips-from-jerusalem","(sin link)","day trips from Jerusalem"
"/jerusalem-tours-compared","/where-to-stay/jerusalem","/best-hotels-jerusalem","where to stay in Jerusalem"
"/visa-information","/israeli-passport-stamp","(sin link)","Israeli passport stamp guide"
"/visa-information","/israel-visa-extension","(sin link)","Israel tourist visa extension guide"
"/visa-information","/border-crossings","(sin link)","border crossings guide"
"/visa-information","/israel-for-chinese-travelers","(sin link)","Israel for Chinese travelers guide"
"/visa-information","/israel-for-filipino-travelers","(sin link)","Israel for Filipino travelers guide"
"/visa-information","/israel-working-holiday-visa","(sin link)","Israel Working Holiday Visa guide"
"/visa-information","/israel-visa-eta-checker","(sin link)","Visa & ETA-IL checker"
"/visa-information","/israel-esim","(sin link)","eSIM"
"/visa-information","/israel-travel-insurance","(sin link)","travel insurance"
"/visa-information","/ben-gurion-airport-transfers","(sin link)","airport transfer"
"/itineraries/10-days-in-israel","/itineraries/5-days-in-israel","/itineraries/7-days-in-israel","5-day"
"/itineraries/10-days-in-israel","/israel-5-vs-7-vs-10-days","/itineraries/7-days-in-israel","5 vs 7 vs 10 days guide"
"/itineraries/10-days-in-israel","/transportation","(sin link)","DiscoverCars"
"/itineraries/10-days-in-israel","/tel-aviv/tayelet","/tel-aviv","Tayelet beach promenade"
"/itineraries/10-days-in-israel","/tel-aviv/old-jaffa","/tel-aviv","Old Jaffa"
"/itineraries/10-days-in-israel","/tel-aviv/neve-tzedek","/tel-aviv","Neve Tzedek"
"/itineraries/10-days-in-israel","/tel-aviv/florentin","/tel-aviv","Florentin"
"/itineraries/10-days-in-israel","/tel-aviv/rothschild","/tel-aviv","Bauhaus White City"
"/itineraries/10-days-in-israel","/tel-aviv/carmel-market","/tel-aviv","Carmel Market"
"/itineraries/10-days-in-israel","/tel-aviv/tel-aviv-museum","/tel-aviv","Tel Aviv Museum of Art"
"/itineraries/10-days-in-israel","/caesarea","/haifa","Caesarea"
"/itineraries/10-days-in-israel","/haifa/bahai-gardens","/haifa","Bahá'í Gardens"
"/itineraries/10-days-in-israel","/haifa/german-colony","/haifa","German Colony"
"/itineraries/10-days-in-israel","/akko","/haifa","Akko"
"/itineraries/10-days-in-israel","/galilee/capernaum","/galilee","Capernaum"
"/itineraries/10-days-in-israel","/galilee/mount-of-beatitudes","/galilee","Mount of Beatitudes"
"/itineraries/10-days-in-israel","/galilee/yardenit","/galilee","Yardenit"
"/itineraries/10-days-in-israel","/galilee/tiberias","/galilee","Tiberias"
"/itineraries/10-days-in-israel","/golan","/galilee","Golan Heights"
"/itineraries/10-days-in-israel","/golan/banias","/galilee","Banias waterfall"
"/itineraries/10-days-in-israel","/golan/nimrod-fortress","/galilee","Nimrod Fortress"
"/itineraries/10-days-in-israel","/golan/mount-bental","/galilee","Mount Bental"
"/itineraries/10-days-in-israel","/nazareth","/galilee","Nazareth"
"/itineraries/10-days-in-israel","/nazareth/basilica-of-the-annunciation","/galilee","Basilica of the Annunciation"
"/itineraries/10-days-in-israel","/jerusalem/old-city","/jerusalem","Old City"
"/itineraries/10-days-in-israel","/jerusalem/western-wall","/jerusalem","Western Wall"
"/itineraries/10-days-in-israel","/jerusalem/holy-sepulchre","/jerusalem","Holy Sepulchre"
"/itineraries/10-days-in-israel","/jerusalem/temple-mount","/jerusalem","Temple Mount"
"/itineraries/10-days-in-israel","/jerusalem/via-dolorosa","/jerusalem","Via Dolorosa"
"/itineraries/10-days-in-israel","/jerusalem/yad-vashem","/jerusalem","Yad Vashem"
"/itineraries/10-days-in-israel","/jerusalem/israel-museum","/jerusalem","Israel Museum"
"/itineraries/10-days-in-israel","/jerusalem/mahane-yehuda","/jerusalem","Mahane Yehuda market"
"/itineraries/10-days-in-israel","/dead-sea/masada","/dead-sea","Masada"
"/itineraries/10-days-in-israel","/dead-sea/ein-gedi","/dead-sea","Ein Gedi"
"/itineraries/10-days-in-israel","/eilat/coral-beach","/eilat","Coral Beach"
"/itineraries/10-days-in-israel","/eilat/underwater-observatory","/eilat","Underwater Observatory"
"/itineraries/10-days-in-israel","/eilat/timna-park","/eilat","Timna Park"
"/itineraries/10-days-in-israel","/petra-from-eilat-vs-amman","/eilat","day trip to Petra"
"/itineraries/10-days-in-israel","/border-crossings","/visa-information","border crossings guide"
"/itineraries/10-days-in-israel","/israel-cost-budget","(sin link)","Israel cost & budget guide"
"/itineraries/10-days-in-israel","/israel-cost-budget","(sin link)","budget guide"
"/itineraries/7-days-in-israel","/itineraries/3-days-in-jerusalem","/jerusalem","3 days in Jerusalem"
"/itineraries/7-days-in-israel","/itineraries/5-days-in-israel","(sin link)","5-day"
"/itineraries/7-days-in-israel","/jerusalem/old-city","/jerusalem","Old City"
"/itineraries/7-days-in-israel","/jerusalem/western-wall","/jerusalem","Western Wall"
"/itineraries/7-days-in-israel","/jerusalem/holy-sepulchre","/jerusalem","Church of the Holy Sepulchre"
"/itineraries/7-days-in-israel","/jerusalem/mahane-yehuda","/jerusalem","Mahane Yehuda market"
"/itineraries/7-days-in-israel","/jerusalem/mount-of-olives","/jerusalem","Mount of Olives"
"/itineraries/7-days-in-israel","/jerusalem/city-of-david","/jerusalem","City of David"
"/itineraries/7-days-in-israel","/jerusalem/yad-vashem","/jerusalem","Yad Vashem"
"/itineraries/7-days-in-israel","/dead-sea/masada","/dead-sea","Masada"
"/itineraries/7-days-in-israel","/dead-sea/ein-gedi","/dead-sea","Ein Gedi"
"/itineraries/7-days-in-israel","/tel-aviv/old-jaffa","/tel-aviv","Old Jaffa"
"/itineraries/7-days-in-israel","/tel-aviv/tayelet","/tel-aviv","Tayelet beach promenade"
"/itineraries/7-days-in-israel","/tel-aviv/neve-tzedek","/tel-aviv","Neve Tzedek"
"/itineraries/7-days-in-israel","/tel-aviv/florentin","/tel-aviv","Florentin"
"/itineraries/7-days-in-israel","/tel-aviv/rothschild","/tel-aviv","White City"
"/itineraries/7-days-in-israel","/tel-aviv/carmel-market","/tel-aviv","Carmel Market"
"/itineraries/7-days-in-israel","/tel-aviv/tel-aviv-museum","/tel-aviv","Tel Aviv Museum of Art"
"/itineraries/7-days-in-israel","/galilee/capernaum","/galilee","Capernaum"
"/itineraries/7-days-in-israel","/galilee/mount-of-beatitudes","/galilee","Mount of Beatitudes"
"/itineraries/7-days-in-israel","/galilee/yardenit","/galilee","Yardenit"
"/itineraries/7-days-in-israel","/galilee/tiberias","/galilee","Tiberias"
"/itineraries/7-days-in-israel","/nazareth","/galilee","Nazareth"
"/itineraries/7-days-in-israel","/nazareth/basilica-of-the-annunciation","/galilee","Basilica of the Annunciation"
"/itineraries/7-days-in-israel","/caesarea","/haifa","Caesarea"
"/itineraries/7-days-in-israel","/haifa/bahai-gardens","/haifa","Bahá'í Gardens"
"/itineraries/7-days-in-israel","/haifa/german-colony","/haifa","German Colony"
"/itineraries/7-days-in-israel","/akko","/haifa","Akko"
"/itineraries/7-days-in-israel","/israel-5-vs-7-vs-10-days","(sin link)","5 vs 7 vs 10 days guide"
"/itineraries/7-days-in-israel","/israel-cost-budget","(sin link)","cost & budget guide"
"/itineraries/7-days-in-israel","/petra-from-eilat-vs-amman","/eilat","Petra day trip"
"/itineraries/7-days-in-israel","/israel-cost-budget","(sin link)","cost guide"
"/de/itineraries/10-days-in-israel","/itineraries/5-days-in-israel","/de/itineraries/7-days-in-israel","5 Tage"
"/de/itineraries/10-days-in-israel","/israel-5-vs-7-vs-10-days","/de/itineraries/7-days-in-israel","5-vs-7-vs-10-Tage-Leitfaden"
"/de/itineraries/10-days-in-israel","/tel-aviv/tayelet","/de/tel-aviv","Strand"
"/de/itineraries/10-days-in-israel","/tel-aviv/old-jaffa","/de/tel-aviv","Alt-Jaffa"
"/de/itineraries/10-days-in-israel","/tel-aviv/neve-tzedek","/de/tel-aviv","Neve Tzedek"
"/de/itineraries/10-days-in-israel","/tel-aviv/florentin","/de/tel-aviv","Florentin"
"/de/itineraries/10-days-in-israel","/tel-aviv/carmel-market","/de/tel-aviv","Carmel-Markt"
"/de/itineraries/10-days-in-israel","/tel-aviv/rothschild","/de/tel-aviv","Weiße Stadt"
"/de/itineraries/10-days-in-israel","/tel-aviv/tel-aviv-museum","/de/tel-aviv","Kunstmuseums Tel Aviv"
"/de/itineraries/10-days-in-israel","/caesarea","/de/haifa","Caesarea"
"/de/itineraries/10-days-in-israel","/haifa/bahai-gardens","/de/haifa","Bahá'í-Gartenanlagen"
"/de/itineraries/10-days-in-israel","/haifa/german-colony","/de/haifa","Deutsche Kolonie"
"/de/itineraries/10-days-in-israel","/galilee/capernaum","/de/galilee","Kafarnaum"
"/de/itineraries/10-days-in-israel","/galilee/mount-of-beatitudes","/de/galilee","Berg der Seligpreisungen"
"/de/itineraries/10-days-in-israel","/galilee/yardenit","/de/galilee","Yardenit"
"/de/itineraries/10-days-in-israel","/nazareth","/de/galilee","Nazareth"
"/de/itineraries/10-days-in-israel","/nazareth/basilica-of-the-annunciation","/de/galilee","Verkündigungsbasilika"
"/de/itineraries/10-days-in-israel","/golan","/de/galilee","Golan"
"/de/itineraries/10-days-in-israel","/golan/mount-bental","/de/galilee","Mount Bental"
"/de/itineraries/10-days-in-israel","/golan/banias","/de/galilee","Banias-Wasserfälle"
"/de/itineraries/10-days-in-israel","/golan/druze-villages","/de/galilee","Drusen-Dörfer"
"/de/itineraries/10-days-in-israel","/jerusalem/old-city","/de/jerusalem","Altstadt"
"/de/itineraries/10-days-in-israel","/jerusalem/western-wall","/de/jerusalem","Klagemauer"
"/de/itineraries/10-days-in-israel","/jerusalem/holy-sepulchre","/de/jerusalem","Grabeskirche"
"/de/itineraries/10-days-in-israel","/jerusalem/mahane-yehuda","/de/jerusalem","Mahane Yehuda"
"/de/itineraries/10-days-in-israel","/jerusalem/mount-of-olives","/de/jerusalem","Ölberg"
"/de/itineraries/10-days-in-israel","/jerusalem/city-of-david","/de/jerusalem","Stadt Davids"
"/de/itineraries/10-days-in-israel","/jerusalem/yad-vashem","/de/jerusalem","Yad Vashem"
"/de/itineraries/10-days-in-israel","/dead-sea/ein-gedi","/de/dead-sea","Ein Gedi"
"/de/itineraries/10-days-in-israel","/eilat/coral-beach","/de/eilat","Coral Beach Nature Reserve"
"/de/itineraries/10-days-in-israel","/eilat/underwater-observatory","/de/eilat","Unterwasserobservatorium"
"/de/itineraries/10-days-in-israel","/border-crossings","/de/visa-information","Grenzübertrittsleitfaden"
"/de/itineraries/7-days-in-israel","/itineraries/3-days-in-jerusalem","/de/jerusalem","3 Tage in Jerusalem"
"/de/itineraries/7-days-in-israel","/itineraries/5-days-in-israel","(sin link)","5 Tage"
"/de/itineraries/7-days-in-israel","/jerusalem/old-city","/de/jerusalem","Altstadt"
"/de/itineraries/7-days-in-israel","/jerusalem/western-wall","/de/jerusalem","Klagemauer"
"/de/itineraries/7-days-in-israel","/jerusalem/holy-sepulchre","/de/jerusalem","Grabeskirche"
"/de/itineraries/7-days-in-israel","/jerusalem/mahane-yehuda","/de/jerusalem","Mahane-Yehuda-Markt"
"/de/itineraries/7-days-in-israel","/jerusalem/mount-of-olives","/de/jerusalem","Ölbergs"
"/de/itineraries/7-days-in-israel","/jerusalem/city-of-david","/de/jerusalem","Stadt Davids"
"/de/itineraries/7-days-in-israel","/jerusalem/yad-vashem","/de/jerusalem","Yad Vashem"
"/de/itineraries/7-days-in-israel","/dead-sea/masada","/de/dead-sea","Masada"
"/de/itineraries/7-days-in-israel","/dead-sea/ein-gedi","/de/dead-sea","Ein-Gedi"
"/de/itineraries/7-days-in-israel","/tel-aviv/old-jaffa","/de/tel-aviv","Alt-Jaffa"
"/de/itineraries/7-days-in-israel","/tel-aviv/tayelet","/de/tel-aviv","Tayelet-Promenade"
"/de/itineraries/7-days-in-israel","/tel-aviv/neve-tzedek","/de/tel-aviv","Neve Tzedek"
"/de/itineraries/7-days-in-israel","/tel-aviv/florentin","/de/tel-aviv","Florentin"
"/de/itineraries/7-days-in-israel","/tel-aviv/rothschild","/de/tel-aviv","Weiße-Stadt"
"/de/itineraries/7-days-in-israel","/tel-aviv/carmel-market","/de/tel-aviv","Carmel-Markt"
"/de/itineraries/7-days-in-israel","/tel-aviv/tel-aviv-museum","/de/tel-aviv","Kunstmuseum Tel Aviv"
"/de/itineraries/7-days-in-israel","/galilee/capernaum","/de/galilee","Kafarnaum"
"/de/itineraries/7-days-in-israel","/galilee/mount-of-beatitudes","/de/galilee","Berg der Seligpreisungen"
"/de/itineraries/7-days-in-israel","/galilee/yardenit","/de/galilee","Yardenit"
"/de/itineraries/7-days-in-israel","/galilee/tiberias","/de/galilee","Tiberias"
"/de/itineraries/7-days-in-israel","/nazareth","/de/galilee","Nazareth"
"/de/itineraries/7-days-in-israel","/nazareth/basilica-of-the-annunciation","/de/galilee","Verkündigungsbasilika"
"/de/itineraries/7-days-in-israel","/caesarea","/de/haifa","Caesarea"
"/de/itineraries/7-days-in-israel","/haifa/bahai-gardens","/de/haifa","Bahá'í-Gärten"
"/de/itineraries/7-days-in-israel","/haifa/german-colony","/de/haifa","Deutsche Kolonie"
"/de/itineraries/7-days-in-israel","/akko","/de/haifa","Akko"
"/de/itineraries/7-days-in-israel","/israel-5-vs-7-vs-10-days","(sin link)","5-vs-7-vs-10-Tage-Leitfaden"
"/de/itineraries/7-days-in-israel","/israel-cost-budget","(sin link)","Kosten- und Budgetratgeber"
"/es/itineraries/10-days-in-israel","/itineraries/5-days-in-israel","/es/itineraries/7-days-in-israel","5 días"
"/es/itineraries/10-days-in-israel","/israel-5-vs-7-vs-10-days","/es/itineraries/7-days-in-israel","guía 5 vs 7 vs 10 días"
"/es/itineraries/10-days-in-israel","/tel-aviv/tayelet","/es/tel-aviv","playa"
"/es/itineraries/10-days-in-israel","/tel-aviv/old-jaffa","/es/tel-aviv","Viejo Jaffa"
"/es/itineraries/10-days-in-israel","/tel-aviv/neve-tzedek","/es/tel-aviv","Neve Tzedek"
"/es/itineraries/10-days-in-israel","/tel-aviv/florentin","/es/tel-aviv","Florentin"
"/es/itineraries/10-days-in-israel","/tel-aviv/carmel-market","/es/tel-aviv","mercado Carmel"
"/es/itineraries/10-days-in-israel","/tel-aviv/rothschild","/es/tel-aviv","Ciudad Blanca"
"/es/itineraries/10-days-in-israel","/tel-aviv/tel-aviv-museum","/es/tel-aviv","Museo de Arte de Tel Aviv"
"/es/itineraries/10-days-in-israel","/caesarea","/es/haifa","Cesarea"
"/es/itineraries/10-days-in-israel","/haifa/bahai-gardens","/es/haifa","Jardines Bahá'ís"
"/es/itineraries/10-days-in-israel","/haifa/german-colony","/es/haifa","Barrio Alemán"
"/es/itineraries/10-days-in-israel","/galilee/capernaum","/es/galilee","Cafarnaúm"
"/es/itineraries/10-days-in-israel","/galilee/mount-of-beatitudes","/es/galilee","Monte de las Bienaventuranzas"
"/es/itineraries/10-days-in-israel","/galilee/yardenit","/es/galilee","Yardenit"
"/es/itineraries/10-days-in-israel","/nazareth","/es/galilee","Nazaret"
"/es/itineraries/10-days-in-israel","/nazareth/basilica-of-the-annunciation","/es/galilee","Basílica de la Anunciación"
"/es/itineraries/10-days-in-israel","/golan","/es/galilee","Golán"
"/es/itineraries/10-days-in-israel","/golan/mount-bental","/es/galilee","Monte Bental"
"/es/itineraries/10-days-in-israel","/golan/banias","/es/galilee","Cascadas de Banias"
"/es/itineraries/10-days-in-israel","/golan/druze-villages","/es/galilee","Pueblos drusos"
"/es/itineraries/10-days-in-israel","/jerusalem/old-city","/es/jerusalem","Ciudad Vieja"
"/es/itineraries/10-days-in-israel","/jerusalem/western-wall","/es/jerusalem","Muro de las Lamentaciones"
"/es/itineraries/10-days-in-israel","/jerusalem/holy-sepulchre","/es/jerusalem","Santo Sepulcro"
"/es/itineraries/10-days-in-israel","/jerusalem/mahane-yehuda","/es/jerusalem","Mahane Yehuda"
"/es/itineraries/10-days-in-israel","/jerusalem/mount-of-olives","/es/jerusalem","Monte de los Olivos"
"/es/itineraries/10-days-in-israel","/jerusalem/city-of-david","/es/jerusalem","Ciudad de David"
"/es/itineraries/10-days-in-israel","/jerusalem/yad-vashem","/es/jerusalem","Yad Vashem"
"/es/itineraries/10-days-in-israel","/dead-sea/ein-gedi","/es/dead-sea","Ein Gedi"
"/es/itineraries/10-days-in-israel","/eilat/coral-beach","/es/eilat","Coral Beach"
"/es/itineraries/7-days-in-israel","/itineraries/3-days-in-jerusalem","/es/jerusalem","3 días en Jerusalén"
"/es/itineraries/7-days-in-israel","/itineraries/5-days-in-israel","(sin link)","5 días"
"/es/itineraries/7-days-in-israel","/jerusalem/old-city","/es/jerusalem","Ciudad Vieja"
"/es/itineraries/7-days-in-israel","/jerusalem/western-wall","/es/jerusalem","Muro de los Lamentos"
"/es/itineraries/7-days-in-israel","/jerusalem/holy-sepulchre","/es/jerusalem","Iglesia del Santo Sepulcro"
"/es/itineraries/7-days-in-israel","/jerusalem/mahane-yehuda","/es/jerusalem","mercado Mahane Yehuda"
"/es/itineraries/7-days-in-israel","/jerusalem/mount-of-olives","/es/jerusalem","Monte de los Olivos"
"/es/itineraries/7-days-in-israel","/jerusalem/city-of-david","/es/jerusalem","Ciudad de David"
"/es/itineraries/7-days-in-israel","/jerusalem/yad-vashem","/es/jerusalem","Yad Vashem"
"/es/itineraries/7-days-in-israel","/dead-sea/masada","/es/dead-sea","Masada"
"/es/itineraries/7-days-in-israel","/dead-sea/ein-gedi","/es/dead-sea","Ein Gedi"
"/es/itineraries/7-days-in-israel","/tel-aviv/old-jaffa","/es/tel-aviv","Jaffa"
"/es/itineraries/7-days-in-israel","/tel-aviv/tayelet","/es/tel-aviv","tayelet"
"/es/itineraries/7-days-in-israel","/tel-aviv/neve-tzedek","/es/tel-aviv","Neve Tzedek"
"/es/itineraries/7-days-in-israel","/tel-aviv/florentin","/es/tel-aviv","Florentin"
"/es/itineraries/7-days-in-israel","/tel-aviv/rothschild","/es/tel-aviv","Ciudad Blanca"
"/es/itineraries/7-days-in-israel","/tel-aviv/carmel-market","/es/tel-aviv","mercado Carmel"
"/es/itineraries/7-days-in-israel","/tel-aviv/tel-aviv-museum","/es/tel-aviv","Museo de Arte de Tel Aviv"
"/es/itineraries/7-days-in-israel","/galilee/capernaum","/es/galilee","Cafarnaúm"
"/es/itineraries/7-days-in-israel","/galilee/mount-of-beatitudes","/es/galilee","Monte de las Bienaventuranzas"
"/es/itineraries/7-days-in-israel","/galilee/yardenit","/es/galilee","Yardenit"
"/es/itineraries/7-days-in-israel","/galilee/tiberias","/es/galilee","Tiberíades"
"/es/itineraries/7-days-in-israel","/nazareth","/es/galilee","Nazaret"
"/es/itineraries/7-days-in-israel","/nazareth/basilica-of-the-annunciation","/es/galilee","Basílica de la Anunciación"
"/es/itineraries/7-days-in-israel","/caesarea","/es/haifa","Cesarea"
"/es/itineraries/7-days-in-israel","/haifa/bahai-gardens","/es/haifa","Jardines Bahá'ís"
"/es/itineraries/7-days-in-israel","/haifa/german-colony","/es/haifa","Barrio Alemán"
"/es/itineraries/7-days-in-israel","/akko","/es/haifa","Akko"
"/es/itineraries/7-days-in-israel","/israel-5-vs-7-vs-10-days","(sin link)","guía de 5 vs 7 vs 10 días"
"/es/itineraries/7-days-in-israel","/israel-cost-budget","(sin link)","guía completa de costos"
"/fr/itineraries/10-days-in-israel","/itineraries/5-days-in-israel","/fr/itineraries/7-days-in-israel","5 jours"
"/fr/itineraries/10-days-in-israel","/israel-5-vs-7-vs-10-days","/fr/itineraries/7-days-in-israel","guide 5 vs 7 vs 10 jours"
"/fr/itineraries/10-days-in-israel","/tel-aviv/tayelet","/fr/tel-aviv","plage"
"/fr/itineraries/10-days-in-israel","/tel-aviv/old-jaffa","/fr/tel-aviv","Vieux Jaffa"
"/fr/itineraries/10-days-in-israel","/tel-aviv/neve-tzedek","/fr/tel-aviv","Neve Tzedek"
"/fr/itineraries/10-days-in-israel","/tel-aviv/florentin","/fr/tel-aviv","Florentin"
"/fr/itineraries/10-days-in-israel","/tel-aviv/carmel-market","/fr/tel-aviv","marché Carmel"
"/fr/itineraries/10-days-in-israel","/tel-aviv/rothschild","/fr/tel-aviv","Ville Blanche"
"/fr/itineraries/10-days-in-israel","/tel-aviv/tel-aviv-museum","/fr/tel-aviv","Musée d'Art de Tel Aviv"
"/fr/itineraries/10-days-in-israel","/caesarea","/fr/haifa","Césarée"
"/fr/itineraries/10-days-in-israel","/haifa/bahai-gardens","/fr/haifa","Jardins Bahá'ís"
"/fr/itineraries/10-days-in-israel","/haifa/german-colony","/fr/haifa","Quartier Allemand"
"/fr/itineraries/10-days-in-israel","/galilee/capernaum","/fr/galilee","Capharnaüm"
"/fr/itineraries/10-days-in-israel","/galilee/mount-of-beatitudes","/fr/galilee","Mont des Béatitudes"
"/fr/itineraries/10-days-in-israel","/galilee/yardenit","/fr/galilee","Yardenit"
"/fr/itineraries/10-days-in-israel","/nazareth","/fr/galilee","Nazareth"
"/fr/itineraries/10-days-in-israel","/nazareth/basilica-of-the-annunciation","/fr/galilee","Basilique de l'Annonciation"
"/fr/itineraries/10-days-in-israel","/golan","/fr/galilee","Golan"
"/fr/itineraries/10-days-in-israel","/golan/mount-bental","/fr/galilee","Mont Bental"
"/fr/itineraries/10-days-in-israel","/golan/banias","/fr/galilee","Chutes de Banias"
"/fr/itineraries/10-days-in-israel","/golan/druze-villages","/fr/galilee","Villages druzes"
"/fr/itineraries/10-days-in-israel","/jerusalem/old-city","/fr/jerusalem","Vieille Ville"
"/fr/itineraries/10-days-in-israel","/jerusalem/western-wall","/fr/jerusalem","Mur des Lamentations"
"/fr/itineraries/10-days-in-israel","/jerusalem/holy-sepulchre","/fr/jerusalem","Saint-Sépulcre"
"/fr/itineraries/10-days-in-israel","/jerusalem/mahane-yehuda","/fr/jerusalem","Mahane Yehuda"
"/fr/itineraries/10-days-in-israel","/jerusalem/mount-of-olives","/fr/jerusalem","Mont des Oliviers"
"/fr/itineraries/10-days-in-israel","/jerusalem/city-of-david","/fr/jerusalem","Cité de David"
"/fr/itineraries/10-days-in-israel","/jerusalem/yad-vashem","/fr/jerusalem","Yad Vashem"
"/fr/itineraries/10-days-in-israel","/dead-sea/ein-gedi","/fr/dead-sea","Ein Gedi"
"/fr/itineraries/10-days-in-israel","/eilat/coral-beach","/fr/eilat","Coral Beach"
"/fr/itineraries/7-days-in-israel","/itineraries/3-days-in-jerusalem","/fr/jerusalem","3 jours à Jérusalem"
"/fr/itineraries/7-days-in-israel","/itineraries/5-days-in-israel","(sin link)","5 jours"
"/fr/itineraries/7-days-in-israel","/jerusalem/old-city","/fr/jerusalem","Vieille Ville"
"/fr/itineraries/7-days-in-israel","/jerusalem/western-wall","/fr/jerusalem","Mur des Lamentations"
"/fr/itineraries/7-days-in-israel","/jerusalem/holy-sepulchre","/fr/jerusalem","Église du Saint-Sépulcre"
"/fr/itineraries/7-days-in-israel","/jerusalem/mahane-yehuda","/fr/jerusalem","marché Mahane Yehuda"
"/fr/itineraries/7-days-in-israel","/jerusalem/mount-of-olives","/fr/jerusalem","Mont des Oliviers"
"/fr/itineraries/7-days-in-israel","/jerusalem/city-of-david","/fr/jerusalem","Cité de David"
"/fr/itineraries/7-days-in-israel","/jerusalem/yad-vashem","/fr/jerusalem","Yad Vashem"
"/fr/itineraries/7-days-in-israel","/dead-sea/masada","/fr/dead-sea","Massada"
"/fr/itineraries/7-days-in-israel","/dead-sea/ein-gedi","/fr/dead-sea","Ein Gedi"
"/fr/itineraries/7-days-in-israel","/tel-aviv/old-jaffa","/fr/tel-aviv","Jaffa"
"/fr/itineraries/7-days-in-israel","/tel-aviv/tayelet","/fr/tel-aviv","tayelet"
"/fr/itineraries/7-days-in-israel","/tel-aviv/neve-tzedek","/fr/tel-aviv","Neve Tzedek"
"/fr/itineraries/7-days-in-israel","/tel-aviv/florentin","/fr/tel-aviv","Florentin"
"/fr/itineraries/7-days-in-israel","/tel-aviv/rothschild","/fr/tel-aviv","Ville Blanche"
"/fr/itineraries/7-days-in-israel","/tel-aviv/carmel-market","/fr/tel-aviv","marché Carmel"
"/fr/itineraries/7-days-in-israel","/tel-aviv/tel-aviv-museum","/fr/tel-aviv","Musée d'Art de Tel Aviv"
"/fr/itineraries/7-days-in-israel","/galilee/capernaum","/fr/galilee","Capharnaüm"
"/fr/itineraries/7-days-in-israel","/galilee/mount-of-beatitudes","/fr/galilee","Mont des Béatitudes"
"/fr/itineraries/7-days-in-israel","/galilee/yardenit","/fr/galilee","Yardenit"
"/fr/itineraries/7-days-in-israel","/galilee/tiberias","/fr/galilee","Tibériade"
"/fr/itineraries/7-days-in-israel","/nazareth","/fr/galilee","Nazareth"
"/fr/itineraries/7-days-in-israel","/nazareth/basilica-of-the-annunciation","/fr/galilee","Basilique de l'Annonciation"
"/fr/itineraries/7-days-in-israel","/caesarea","/fr/haifa","Césarée"
"/fr/itineraries/7-days-in-israel","/haifa/bahai-gardens","/fr/haifa","Jardins Bahá'ís"
"/fr/itineraries/7-days-in-israel","/haifa/german-colony","/fr/haifa","Quartier Allemand"
"/fr/itineraries/7-days-in-israel","/akko","/fr/haifa","Akko"
"/fr/itineraries/7-days-in-israel","/israel-5-vs-7-vs-10-days","(sin link)","guide 5 vs 7 vs 10 jours"
"/fr/itineraries/7-days-in-israel","/israel-cost-budget","(sin link)","guide complet des coûts"
"/contact","/shabbat-guide","(sin link)","Shabbat"
"/dead-sea","/dead-sea/masada","(sin link)","Masada page"
"/eilat","/eilat-tours-compared","/jerusalem-tours-compared","Eilat tours compared guide"
"/eilat","/eilat-travel-guide","(sin link)","Eilat travel guide"
"/galilee","/safed-tzfat-guide","/is-israel-safe","Safed travel guide"
"/galilee","/sea-of-galilee-guide","(sin link)","Sea of Galilee complete guide"
"/galilee","/sea-of-galilee-boat-tour","/jerusalem-tours-compared","Sea of Galilee boat tours guide"
"/galilee","/3-days-in-galilee","/itineraries/7-days-in-israel","3 days in Galilee itinerary"
"/jerusalem","/jerusalem-neighborhoods-guide","(sin link)","Jerusalem neighborhoods guide"
"/jerusalem","/temple-mount-visitor-guide","(sin link)","Temple Mount / Haram al-Sharif visitor guide"
"/negev","/israel-yoga-retreats","(sin link)","Israel yoga & meditation retreats guide"
"/negev","/negev-incense-route","(sin link)","Incense Route — Desert Cities of the Negev"
"/negev","/negev-incense-route","(sin link)","Negev Incense Route complete guide"
"/negev","/mitzpe-ramon-guide","(sin link)","Mitzpe Ramon"
"/negev","/beer-sheva-guide","(sin link)","Beer-Sheva"
"/negev","/tel-arad-guide","(sin link)","Tel Arad National Park"
