url_vieja,destino
/1-day-jerusalem-itinerary,/itineraries/7-days-in-israel
/1-day-tel-aviv-itinerary,/itineraries/7-days-in-israel
/3-days-in-eilat,/itineraries/7-days-in-israel
/3-days-in-galilee,/itineraries/7-days-in-israel
/3-days-in-haifa,/itineraries/7-days-in-israel
/3-days-in-israel,/itineraries/7-days-in-israel
/3-days-in-negev,/itineraries/7-days-in-israel
/3-days-in-tel-aviv,/itineraries/7-days-in-israel
/air-haifa-haifa-airport-guide,/haifa
/airlines-flying-israel-2026,/first-time-in-israel
/akko,/haifa
/akko-acre-guide,/haifa
/akko-fringe-theatre-festival,/haifa
/akko/bahai-mansion,/haifa
/akko/hospitaller-knights,/haifa
/akko/khan-al-umdan,/haifa
/akko/old-city,/haifa
/akko/templar-tunnel,/haifa
/ammunition-hill-jerusalem,/jerusalem
/anu-museum-guide,/first-time-in-israel
/aqaba-from-eilat,/eilat
/arad-festival-guide,/negev
/arava-mountain-biking,/negev
/ashdod-cruise-port-excursions,/day-trips-from-tel-aviv
/ashkelon-guide,/first-time-in-israel
/atlit-detainee-camp-guide,/first-time-in-israel
/backpacking-israel,/first-time-in-israel
/bahai-world-center-guide,/haifa
/bar-bat-mitzvah-israel,/first-time-in-israel
/bedouin-experience-israel,/first-time-in-israel
/beer-sheva-guide,/negev
/bein-harim-vs-abraham-tours,/jerusalem-tours-compared
/beit-alfa-guide,/first-time-in-israel
/beit-guvrin-caves-guide,/first-time-in-israel
/beit-shean-guide,/first-time-in-israel
/beit-shearim-guide,/first-time-in-israel
/belvoir-fortress,/first-time-in-israel
/ben-gurion-airport-guide,/first-time-in-israel
/ben-gurion-airport-transfers,/first-time-in-israel
/best-beaches-israel,/first-time-in-israel
/best-holy-land-tours,/jerusalem-tours-compared
/best-hotels-haifa,/haifa
/best-hotels-nazareth,/galilee
/best-hotels-negev,/negev
/best-hotels-netanya,/haifa
/best-hotels-sea-of-galilee,/galilee
/best-hotels-tiberias,/galilee
/best-markets-in-israel,/first-time-in-israel
/best-national-parks-israel,/first-time-in-israel
/best-things-to-do-in-israel,/first-time-in-israel
/best-tours-in-israel,/jerusalem-tours-compared
/bethlehem-tours-compared,/jerusalem-tours-compared
/bethlehem-travel-guide,/jerusalem
/binyamina-guide,/first-time-in-israel
/birdwatching-in-israel,/first-time-in-israel
/border-crossings,/visa-information
/build-your-trip,/itineraries/7-days-in-israel
/caesarea,/haifa
/caesarea-concerts-events,/haifa
/caesarea-guide,/haifa
/caesarea/aqueduct-beach,/haifa
/caesarea/harbour,/haifa
/caesarea/national-park,/haifa
/caesarea/ralli-museum,/haifa
/cheap-flights-to-israel,/first-time-in-israel
/christian-pilgrimage-holy-land,/first-time-in-israel
/christmas-in-israel,/best-time-to-visit-israel
/christmas-in-nazareth,/galilee
/church-holy-sepulchre-guide,/first-time-in-israel
/church-of-nativity-guide,/first-time-in-israel
/city-of-david-jerusalem,/jerusalem
/competitors,/
/content-library,/
/cruise-shore-excursions-israel,/day-trips-from-tel-aviv
/cycling-in-israel,/first-time-in-israel
/darom-adom-festival,/best-time-to-visit-israel
/dashboard/seo,/
/day-trips-from-eilat,/jerusalem-tours-compared
/day-trips-from-haifa,/day-trips-from-tel-aviv
/day-trips-from-jerusalem,/jerusalem-tours-compared
/de/1-day-jerusalem-itinerary,/de/itineraries/7-days-in-israel
/de/1-day-tel-aviv-itinerary,/de/itineraries/7-days-in-israel
/de/3-days-in-eilat,/de/itineraries/7-days-in-israel
/de/3-days-in-galilee,/de/itineraries/7-days-in-israel
/de/3-days-in-haifa,/de/itineraries/7-days-in-israel
/de/3-days-in-israel,/de/itineraries/7-days-in-israel
/de/3-days-in-negev,/de/itineraries/7-days-in-israel
/de/3-days-in-tel-aviv,/de/itineraries/7-days-in-israel
/de/air-haifa-haifa-airport-guide,/de/haifa
/de/airlines-flying-israel-2026,/de/first-time-in-israel
/de/akko,/de/haifa
/de/akko-acre-guide,/de/haifa
/de/akko/bahai-mansion,/de/haifa
/de/akko/hospitaller-knights,/de/haifa
/de/akko/khan-al-umdan,/de/haifa
/de/akko/old-city,/de/haifa
/de/akko/templar-tunnel,/de/haifa
/de/ammunition-hill-jerusalem,/de/jerusalem
/de/anu-museum-guide,/de/first-time-in-israel
/de/aqaba-from-eilat,/de/eilat
/de/arava-mountain-biking,/de/negev
/de/ashdod-cruise-port-excursions,/de/day-trips-from-tel-aviv
/de/ashkelon-guide,/de/first-time-in-israel
/de/atlit-detainee-camp-guide,/de/first-time-in-israel
/de/backpacking-israel,/de/first-time-in-israel
/de/bahai-world-center-guide,/de/haifa
/de/bar-bat-mitzvah-israel,/de/first-time-in-israel
/de/bedouin-experience-israel,/de/first-time-in-israel
/de/beer-sheva-guide,/de/negev
/de/beit-alfa-guide,/de/first-time-in-israel
/de/beit-guvrin-caves-guide,/de/first-time-in-israel
/de/beit-shean-guide,/de/first-time-in-israel
/de/beit-shearim-guide,/de/first-time-in-israel
/de/belvoir-fortress,/de/first-time-in-israel
/de/ben-gurion-airport-guide,/de/first-time-in-israel
/de/ben-gurion-airport-transfers,/de/first-time-in-israel
/de/best-beaches-israel,/de/first-time-in-israel
/de/best-holy-land-tours,/de/jerusalem-tours-compared
/de/best-hotels-haifa,/de/haifa
/de/best-hotels-nazareth,/de/galilee
/de/best-hotels-negev,/de/negev
/de/best-hotels-netanya,/de/haifa
/de/best-hotels-sea-of-galilee,/de/galilee
/de/best-hotels-tiberias,/de/galilee
/de/best-tours-in-israel,/de/jerusalem-tours-compared
/de/bethlehem-tours-compared,/de/jerusalem-tours-compared
/de/bethlehem-travel-guide,/de/jerusalem
/de/binyamina-guide,/de/first-time-in-israel
/de/birdwatching-in-israel,/de/first-time-in-israel
/de/border-crossings,/de/visa-information
/de/caesarea,/de/haifa
/de/caesarea-concerts-events,/de/haifa
/de/caesarea-guide,/de/haifa
/de/caesarea/aqueduct-beach,/de/haifa
/de/caesarea/harbour,/de/haifa
/de/caesarea/national-park,/de/haifa
/de/caesarea/ralli-museum,/de/haifa
/de/cheap-flights-to-israel,/de/first-time-in-israel
/de/christian-pilgrimage-holy-land,/de/first-time-in-israel
/de/christmas-in-israel,/de/best-time-to-visit-israel
/de/church-holy-sepulchre-guide,/de/first-time-in-israel
/de/church-of-nativity-guide,/de/first-time-in-israel
/de/city-of-david-jerusalem,/de/jerusalem
/de/cruise-shore-excursions-israel,/de/day-trips-from-tel-aviv
/de/cycling-in-israel,/de/first-time-in-israel
/de/day-trips-from-eilat,/de/jerusalem-tours-compared
/de/day-trips-from-haifa,/de/day-trips-from-tel-aviv
/de/day-trips-from-jerusalem,/de/jerusalem-tours-compared
/de/dead-sea-day-trip-comparison,/de/dead-sea-tours-compared
/de/dead-sea-guide,/de/dead-sea
/de/dead-sea-israel-vs-jordan,/de/dead-sea
/de/dead-sea-medical-tourism,/de/dead-sea-tours-compared
/de/dead-sea-vs-eilat,/de/dead-sea
/de/dead-sea/ein-bokek,/de/dead-sea
/de/dead-sea/ein-gedi,/de/dead-sea
/de/dead-sea/masada,/de/dead-sea
/de/dead-sea/mineral-beach,/de/dead-sea
/de/dead-sea/qumran,/de/dead-sea
/de/design-museum-holon,/de/first-time-in-israel
/de/digital-nomad-israel,/de/first-time-in-israel
/de/driving-in-israel,/de/car-rental-israel
/de/druze-villages-carmel,/de/car-rental-israel
/de/easter-in-jerusalem,/de/jerusalem
/de/egypt-jordan-israel-itinerary,/de/itineraries/7-days-in-israel
/de/eilat-beach-guide,/de/eilat
/de/eilat-diving-snorkeling,/de/eilat
/de/eilat-dolphin-reef-guide,/de/eilat
/de/eilat-nightlife,/de/eilat
/de/eilat-ramon-airport-guide,/de/eilat
/de/eilat-snorkeling-guide,/de/eilat
/de/eilat-tours-compared,/de/jerusalem-tours-compared
/de/eilat-travel-guide,/de/eilat
/de/eilat-vs-aqaba,/de/eilat
/de/eilat/coral-beach,/de/eilat
/de/eilat/dolphin-reef,/de/eilat
/de/eilat/red-canyon,/de/eilat
/de/eilat/timna-park,/de/eilat
/de/eilat/underwater-observatory,/de/eilat
/de/ein-gedi-guide,/de/dead-sea
/de/ein-kerem-jerusalem-guide,/de/jerusalem
/de/free-things-to-do-israel,/de/first-time-in-israel
/de/galilee-christian-sites-circuit,/de/galilee
/de/galilee-culinary-institute-gonen,/de/galilee
/de/galilee-food-guide,/de/galilee
/de/galilee-tours-compared,/de/jerusalem-tours-compared
/de/galilee-vs-golan-weekend,/de/galilee
/de/galilee-wine-trail,/de/galilee
/de/galilee/capernaum,/de/galilee
/de/galilee/magdala,/de/galilee
/de/galilee/mount-arbel,/de/galilee
/de/galilee/mount-of-beatitudes,/de/galilee
/de/galilee/tiberias,/de/galilee
/de/galilee/yardenit,/de/galilee
/de/gamla-nature-reserve-guide,/de/first-time-in-israel
/de/gan-hashlosha-guide,/de/first-time-in-israel
/de/getyourguide-vs-viator-israel,/de/first-time-in-israel
/de/glamping-israel,/de/first-time-in-israel
/de/golan,/de/galilee
/de/golan-heights-guide,/de/galilee
/de/golan-heights-hiking-trails,/de/galilee
/de/golan-heights-tours-compared,/de/jerusalem-tours-compared
/de/golan-heights-wineries,/de/galilee
/de/golan/banias,/de/galilee
/de/golan/druze-villages,/de/galilee
/de/golan/mount-bental,/de/galilee
/de/golan/mount-hermon,/de/galilee
/de/golan/nimrod-fortress,/de/galilee
/de/guided-vs-self-guided-israel,/de/jerusalem-tours-compared
/de/hai-bar-yotvata-guide,/de/first-time-in-israel
/de/haifa-cruise-terminal-guide,/de/haifa
/de/haifa-food-guide,/de/haifa
/de/haifa-neighborhoods-guide,/de/haifa
/de/haifa-shore-excursions,/de/day-trips-from-tel-aviv
/de/haifa-tours-compared,/de/day-trips-from-tel-aviv
/de/haifa-travel-guide,/de/haifa
/de/haifa/bahai-gardens,/de/haifa
/de/haifa/carmel-national-park,/de/haifa
/de/haifa/german-colony,/de/haifa
/de/haifa/stella-maris,/de/haifa
/de/haifa/wadi-nisnas,/de/haifa
/de/hayarkon-park-tel-aviv,/de/tel-aviv
/de/herodion-guide,/de/first-time-in-israel
/de/herzliya-guide,/de/first-time-in-israel
/de/hiking-in-israel,/de/first-time-in-israel
/de/holy-sites-dress-code-etiquette,/de/first-time-in-israel
/de/hotels-near-ben-gurion-airport,/de/best-hotels-jerusalem
/de/how-to-hire-licensed-tour-guide-israel,/de/jerusalem-tours-compared
/de/israel-5-vs-7-vs-10-days,/de/itineraries/7-days-in-israel
/de/israel-accessible-travel,/de/first-time-in-israel
/de/israel-accommodation-guide,/de/best-hotels-jerusalem
/de/israel-adventure-sports,/de/first-time-in-israel
/de/israel-affordable-luxury,/de/first-time-in-israel
/de/israel-after-birthright,/de/first-time-in-israel
/de/israel-agritourism-guide,/de/jerusalem-tours-compared
/de/israel-anzac-heritage,/de/first-time-in-israel
/de/israel-archaeology-experience,/de/first-time-in-israel
/de/israel-base-city-guide,/de/first-time-in-israel
/de/israel-best-scenic-drives,/de/car-rental-israel
/de/israel-biblical-highway,/de/first-time-in-israel
/de/israel-business-travel-guide,/de/first-time-in-israel
/de/israel-by-month,/de/first-time-in-israel
/de/israel-campervan,/de/first-time-in-israel
/de/israel-car-rental-comparison,/de/car-rental-israel
/de/israel-cost-budget,/de/first-time-in-israel
/de/israel-craft-beer,/de/first-time-in-israel
/de/israel-craft-spirits,/de/first-time-in-israel
/de/israel-culinary-heritage-tourism,/de/jerusalem-tours-compared
/de/israel-diamonds-jewelry,/de/first-time-in-israel
/de/israel-egypt-guide,/de/first-time-in-israel
/de/israel-esim,/de/first-time-in-israel
/de/israel-eta-guide,/de/visa-information
/de/israel-evening-activities,/de/first-time-in-israel
/de/israel-events-festivals,/de/best-time-to-visit-israel
/de/israel-film-tv-tourism,/de/jerusalem-tours-compared
/de/israel-fine-dining,/de/first-time-in-israel
/de/israel-food-festivals,/de/best-time-to-visit-israel
/de/israel-food-tours-cooking-classes,/de/jerusalem-tours-compared
/de/israel-for-american-travelers,/de/first-time-in-israel
/de/israel-for-argentinian-travelers,/de/first-time-in-israel
/de/israel-for-british-travelers,/de/first-time-in-israel
/de/israel-for-chinese-travelers,/de/first-time-in-israel
/de/israel-for-czech-travelers,/de/first-time-in-israel
/de/israel-for-filipino-travelers,/de/first-time-in-israel
/de/israel-for-french-travelers,/de/first-time-in-israel
/de/israel-for-german-travelers,/de/first-time-in-israel
/de/israel-for-gulf-travelers,/de/first-time-in-israel
/de/israel-for-indian-travelers,/de/first-time-in-israel
/de/israel-for-irish-travelers,/de/first-time-in-israel
/de/israel-for-italian-travelers,/de/first-time-in-israel
/de/israel-for-korean-travelers,/de/first-time-in-israel
/de/israel-for-nordic-travelers,/de/first-time-in-israel
/de/israel-for-portuguese-travelers,/de/first-time-in-israel
/de/israel-for-russian-speaking-travelers,/de/first-time-in-israel
/de/israel-for-seniors,/de/first-time-in-israel
/de/israel-for-serbian-travelers,/de/first-time-in-israel
/de/israel-for-south-african-travelers,/de/first-time-in-israel
/de/israel-for-spanish-travelers,/de/first-time-in-israel
/de/israel-for-swiss-travelers,/de/first-time-in-israel
/de/israel-gluten-free-guide,/de/first-time-in-israel
/de/israel-group-travel,/de/first-time-in-israel
/de/israel-hebrew-phrases,/de/first-time-in-israel
/de/israel-hidden-gems,/de/first-time-in-israel
/de/israel-homeport-cruise,/de/first-time-in-israel
/de/israel-honeymoon,/de/first-time-in-israel
/de/israel-horseback-riding,/de/first-time-in-israel
/de/israel-hummus-trail,/de/first-time-in-israel
/de/israel-in-april,/de/best-time-to-visit-israel
/de/israel-in-autumn,/de/first-time-in-israel
/de/israel-in-december,/de/best-time-to-visit-israel
/de/israel-in-february,/de/best-time-to-visit-israel
/de/israel-in-january,/de/best-time-to-visit-israel
/de/israel-in-july,/de/best-time-to-visit-israel
/de/israel-in-june,/de/best-time-to-visit-israel
/de/israel-in-march,/de/best-time-to-visit-israel
/de/israel-in-may,/de/best-time-to-visit-israel
/de/israel-in-november,/de/best-time-to-visit-israel
/de/israel-in-october,/de/best-time-to-visit-israel
/de/israel-in-september,/de/best-time-to-visit-israel
/de/israel-in-spring,/de/first-time-in-israel
/de/israel-in-summer,/de/first-time-in-israel
/de/israel-in-winter,/de/first-time-in-israel
/de/israel-jordan-itinerary,/de/itineraries/7-days-in-israel
/de/israel-kayaking,/de/first-time-in-israel
/de/israel-medical-tourism,/de/jerusalem-tours-compared
/de/israel-mediterranean-cruise-guide,/de/first-time-in-israel
/de/israel-military-heritage,/de/first-time-in-israel
/de/israel-money-guide,/de/first-time-in-israel
/de/israel-museum-jerusalem,/de/jerusalem
/de/israel-music-festivals,/de/best-time-to-visit-israel
/de/israel-national-bike-trail,/de/first-time-in-israel
/de/israel-national-parks-pass,/de/first-time-in-israel
/de/israel-national-trail-hiking,/de/first-time-in-israel
/de/israel-orthodox-jewish-travel,/de/first-time-in-israel
/de/israel-packing-list-guide,/de/first-time-in-israel
/de/israel-paragliding-guide,/de/first-time-in-israel
/de/israel-photography-guide,/de/first-time-in-israel
/de/israel-photography-tours,/de/jerusalem-tours-compared
/de/israel-points-miles-guide,/de/first-time-in-israel
/de/israel-power-plug,/de/first-time-in-israel
/de/israel-rainy-day-activities,/de/first-time-in-israel
/de/israel-ramadan-guide,/de/best-time-to-visit-israel
/de/israel-road-trip,/de/car-rental-israel
/de/israel-rooftop-bars,/de/first-time-in-israel
/de/israel-small-group-tours,/de/jerusalem-tours-compared
/de/israel-spring-wildflowers,/de/best-time-to-visit-israel
/de/israel-stargazing,/de/first-time-in-israel
/de/israel-surfing,/de/first-time-in-israel
/de/israel-thermal-springs,/de/first-time-in-israel
/de/israel-tour-operators-guide,/de/jerusalem-tours-compared
/de/israel-travel-2026,/de/first-time-in-israel
/de/israel-travel-apps,/de/first-time-in-israel
/de/israel-travel-insurance,/de/first-time-in-israel
/de/israel-travel-tips,/de/first-time-in-israel
/de/israel-trip-cost-by-style,/de/first-time-in-israel
/de/israel-unesco-sites,/de/first-time-in-israel
/de/israel-vat-refund,/de/first-time-in-israel
/de/israel-visa-extension,/de/visa-information
/de/israel-vs-albania,/de/first-time-in-israel
/de/israel-vs-cyprus,/de/first-time-in-israel
/de/israel-vs-egypt,/de/first-time-in-israel
/de/israel-vs-france,/de/first-time-in-israel
/de/israel-vs-greece,/de/first-time-in-israel
/de/israel-vs-jordan,/de/first-time-in-israel
/de/israel-vs-turkey,/de/first-time-in-israel
/de/israel-water-parks,/de/first-time-in-israel
/de/israel-wellness-spa,/de/first-time-in-israel
/de/israel-wine-wineries,/de/first-time-in-israel
/de/israel-with-kids,/de/first-time-in-israel
/de/israel-with-teenagers,/de/first-time-in-israel
/de/israel-yoga-retreats,/de/first-time-in-israel
/de/israel-zimmer-guide,/de/best-hotels-jerusalem
/de/israeli-breakfast-guide,/de/first-time-in-israel
/de/israeli-food-cuisine-guide,/de/first-time-in-israel
/de/israeli-passport-stamp,/de/visa-information
/de/israeli-street-food-guide,/de/first-time-in-israel
/de/itineraries/14-days-in-israel,/de/itineraries/10-days-in-israel
/de/itineraries/2-days-in-tel-aviv,/de/tel-aviv
/de/itineraries/3-days-in-jerusalem,/de/jerusalem
/de/itineraries/5-days-in-israel,/de/itineraries/7-days-in-israel
/de/jaffa-food-guide,/de/tel-aviv
/de/jaffa-hotels-guide,/de/best-hotels-tel-aviv
/de/jaffa-travel-guide,/de/tel-aviv
/de/jericho-day-trip-from-jerusalem,/de/jerusalem-tours-compared
/de/jerusalem-armenian-quarter,/de/jerusalem
/de/jerusalem-coffee-guide,/de/jerusalem
/de/jerusalem-festival-of-light,/de/jerusalem
/de/jerusalem-first-station-guide,/de/jerusalem
/de/jerusalem-food-guide,/de/jerusalem
/de/jerusalem-light-rail-guide,/de/jerusalem
/de/jerusalem-mount-zion-guide,/de/jerusalem
/de/jerusalem-museums,/de/jerusalem
/de/jerusalem-neighborhoods-guide,/de/jerusalem
/de/jerusalem-nightlife,/de/jerusalem
/de/jerusalem-old-city-walking-tour,/de/jerusalem-tours-compared
/de/jerusalem-pilgrimage-road,/de/jerusalem
/de/jerusalem-trail,/de/jerusalem
/de/jerusalem/city-of-david,/de/jerusalem
/de/jerusalem/garden-tomb,/de/jerusalem
/de/jerusalem/israel-museum,/de/jerusalem
/de/jerusalem/mahane-yehuda,/de/jerusalem
/de/jerusalem/mount-of-olives,/de/jerusalem
/de/jerusalem/old-city,/de/jerusalem
/de/jerusalem/tower-of-david,/de/jerusalem
/de/jerusalem/via-dolorosa,/de/jerusalem
/de/jerusalem/western-wall,/de/jerusalem
/de/jerusalem/yad-vashem,/de/jerusalem
/de/jesus-trail-israel,/de/first-time-in-israel
/de/jewish-genealogy-israel-trip,/de/first-time-in-israel
/de/jewish-heritage-israel,/de/first-time-in-israel
/de/jewish-quarter-jerusalem-guide,/de/jerusalem
/de/jordan-pass-guide,/de/first-time-in-israel
/de/jordan-river-baptism,/de/galilee
/de/judean-hills-wine-trail,/de/first-time-in-israel
/de/kerem-hateimanim-tel-aviv,/de/tel-aviv
/de/keshet-cave-guide,/de/first-time-in-israel
/de/kibbutz-hotels-israel,/de/best-hotels-jerusalem
/de/kosher-food-guide,/de/first-time-in-israel
/de/lag-baomer-israel,/de/best-time-to-visit-israel
/de/latrun-guide,/de/first-time-in-israel
/de/layover-jerusalem,/de/jerusalem
/de/layover-tel-aviv,/de/tel-aviv
/de/lgbtq-travel-israel,/de/first-time-in-israel
/de/luxury-arava-desert,/de/negev
/de/luxury-travel-israel,/de/first-time-in-israel
/de/maccabiah-games-2026,/de/first-time-in-israel
/de/mahane-yehuda-market-guide,/de/first-time-in-israel
/de/masada-dead-sea-day-trip,/de/dead-sea-tours-compared
/de/masada-tours-compared,/de/dead-sea-tours-compared
/de/megiddo-jezreel-valley-guide,/de/first-time-in-israel
/de/mitzpe-ramon-guide,/de/negev
/de/mount-hermon-skiing,/de/galilee
/de/mount-of-olives-guide,/de/jerusalem
/de/mount-tabor-guide,/de/first-time-in-israel
/de/museum-of-tolerance-jerusalem,/de/jerusalem
/de/muslim-travel-israel,/de/first-time-in-israel
/de/nahal-alexander-guide,/de/first-time-in-israel
/de/nahal-pratzim-guide,/de/first-time-in-israel
/de/nahalat-binyamin-market-tel-aviv,/de/tel-aviv
/de/national-library-israel,/de/first-time-in-israel
/de/nativity-trail-guide,/de/first-time-in-israel
/de/nazareth,/de/galilee
/de/nazareth-tours-compared,/de/jerusalem-tours-compared
/de/nazareth-travel-guide,/de/galilee
/de/nazareth/basilica-of-the-annunciation,/de/galilee
/de/nazareth/marys-well,/de/galilee
/de/nazareth/mount-of-precipice,/de/galilee
/de/nazareth/old-city,/de/galilee
/de/negev-highway-40-guide,/de/negev
/de/negev-incense-route,/de/negev
/de/negev-jeep-tours,/de/jerusalem-tours-compared
/de/negev-makhtesh-guide,/de/negev
/de/negev-multi-day-hiking,/de/negev
/de/negev-tours-compared,/de/jerusalem-tours-compared
/de/negev/avdat,/de/negev
/de/negev/bedouin-hospitality,/de/negev
/de/negev/ein-avdat,/de/negev
/de/negev/mitzpe-ramon,/de/negev
/de/negev/sde-boker,/de/negev
/de/netanya-guide,/de/haifa
/de/neve-tzedek-guide,/de/tel-aviv
/de/new-luxury-hotels-israel-2026,/de/best-hotels-jerusalem
/de/nimrod-fortress-guide,/de/first-time-in-israel
/de/northern-israel-road-trip,/de/car-rental-israel
/de/palmahim-beach-guide,/de/first-time-in-israel
/de/passover-in-israel,/de/best-time-to-visit-israel
/de/pet-friendly-israel,/de/first-time-in-israel
/de/petra-from-eilat-vs-amman,/de/eilat
/de/petra-tours-compared,/de/jerusalem-tours-compared
/de/petra-wadi-rum-from-eilat,/de/eilat
/de/private-tours-israel,/de/jerusalem-tours-compared
/de/purim-in-israel,/de/best-time-to-visit-israel
/de/qumran-guide,/de/dead-sea
/de/rav-kav-israel,/de/first-time-in-israel
/de/red-canyon-eilat,/de/eilat
/de/rosh-hanikra-guide,/de/haifa
/de/rosh-hashanah-in-israel,/de/best-time-to-visit-israel
/de/rosh-pina-guide,/de/first-time-in-israel
/de/safed-tzfat-guide,/de/is-israel-safe
/de/sarona-market-tel-aviv,/de/tel-aviv
/de/schottenstein-campus-jerusalem,/de/jerusalem
/de/sde-boker-ein-avdat-guide,/de/negev
/de/sea-of-galilee-beaches,/de/galilee
/de/sea-of-galilee-boat-tour,/de/jerusalem-tours-compared
/de/sea-of-galilee-guide,/de/galilee
/de/shabbat-dinner-experience,/de/first-time-in-israel
/de/shabbat-guide,/de/first-time-in-israel
/de/shopping-in-israel,/de/first-time-in-israel
/de/skyfield-extreme-park-jaffa,/de/tel-aviv
/de/solo-female-travel-israel,/de/first-time-in-israel
/de/solo-travel-israel,/de/first-time-in-israel
/de/soreq-cave-guide,/de/first-time-in-israel
/de/south-israel-itinerary,/de/itineraries/7-days-in-israel
/de/sports-events-israel,/de/first-time-in-israel
/de/sukkot-in-israel,/de/best-time-to-visit-israel
/de/sustainable-travel-israel,/de/first-time-in-israel
/de/tabgha-church-guide,/de/first-time-in-israel
/de/tel-afek-guide,/de/first-time-in-israel
/de/tel-arad-guide,/de/negev
/de/tel-aviv-bachelorette,/de/tel-aviv
/de/tel-aviv-beach-guide,/de/tel-aviv
/de/tel-aviv-carmel-market,/de/car-rental-israel
/de/tel-aviv-coffee-guide,/de/tel-aviv
/de/tel-aviv-food-guide,/de/tel-aviv
/de/tel-aviv-light-rail,/de/tel-aviv
/de/tel-aviv-museums,/de/tel-aviv
/de/tel-aviv-neighborhoods-guide,/de/tel-aviv
/de/tel-aviv-nightlife,/de/tel-aviv
/de/tel-aviv-pride-guide,/de/tel-aviv
/de/tel-aviv-street-art,/de/tel-aviv
/de/tel-aviv-things-to-do,/de/tel-aviv
/de/tel-aviv-to-jerusalem,/de/jerusalem
/de/tel-aviv-tours-compared,/de/day-trips-from-tel-aviv
/de/tel-aviv-vs-jerusalem,/de/jerusalem
/de/tel-aviv-white-city,/de/tel-aviv
/de/tel-aviv/carmel-market,/de/tel-aviv
/de/tel-aviv/florentin,/de/tel-aviv
/de/tel-aviv/neve-tzedek,/de/tel-aviv
/de/tel-aviv/old-jaffa,/de/tel-aviv
/de/tel-aviv/rothschild,/de/tel-aviv
/de/tel-aviv/tayelet,/de/tel-aviv
/de/tel-aviv/tel-aviv-museum,/de/tel-aviv
/de/tel-gezer-guide,/de/first-time-in-israel
/de/tel-megiddo-guide,/de/first-time-in-israel
/de/temple-mount-visitor-guide,/de/first-time-in-israel
/de/terminal-park-eilat,/de/eilat
/de/tiberias-guide,/de/galilee
/de/timna-park-guide,/de/eilat
/de/tower-of-david-guide,/de/first-time-in-israel
/de/transportation,/de/first-time-in-israel
/de/traveling-israel-jewish-holidays,/de/best-time-to-visit-israel
/de/valley-of-elah-guide,/de/first-time-in-israel
/de/valley-of-tears-golan,/de/galilee
/de/vegan-vegetarian-israel,/de/first-time-in-israel
/de/via-dolorosa-guide,/de/first-time-in-israel
/de/via-ferrata-israel,/de/first-time-in-israel
/de/wadi-qelt-monastery-guide,/de/first-time-in-israel
/de/water-hiking-israel,/de/first-time-in-israel
/de/wedding-in-israel,/de/first-time-in-israel
/de/western-galilee-guide,/de/galilee
/de/western-wall-guide,/de/jerusalem
/de/western-wall-tunnels-guide,/de/jerusalem
/de/whats-open-on-shabbat,/de/first-time-in-israel
/de/yad-vashem-visitor-guide,/de/jerusalem
/de/yam-caesarea-guide,/de/haifa
/de/yam-lyam-sea-to-sea-hike,/de/first-time-in-israel
/de/yom-haatzmaut-guide,/de/best-time-to-visit-israel
/de/yom-kippur-in-israel,/de/best-time-to-visit-israel
/de/zichron-yaakov-guide,/de/haifa
/de/zionist-heritage-trail,/de/first-time-in-israel
/de/zippori-sepphoris-guide,/de/first-time-in-israel
/dead-sea-day-trip-comparison,/dead-sea-tours-compared
/dead-sea-guide,/dead-sea
/dead-sea-israel-vs-jordan,/dead-sea
/dead-sea-medical-tourism,/dead-sea-tours-compared
/dead-sea-vs-eilat,/dead-sea
/dead-sea/ein-bokek,/dead-sea
/dead-sea/ein-gedi,/dead-sea
/dead-sea/masada,/dead-sea
/dead-sea/mineral-beach,/dead-sea
/dead-sea/qumran,/dead-sea
/design-museum-holon,/first-time-in-israel
/digital-nomad-israel,/first-time-in-israel
/driving-in-israel,/car-rental-israel
/druze-villages-carmel,/car-rental-israel
/easter-in-jerusalem,/jerusalem
/egypt-jordan-israel-itinerary,/itineraries/7-days-in-israel
/eilat-beach-guide,/eilat
/eilat-chamber-music-festival,/eilat
/eilat-diving-snorkeling,/eilat
/eilat-dolphin-reef-guide,/eilat
/eilat-nightlife,/eilat
/eilat-ramon-airport-guide,/eilat
/eilat-snorkeling-guide,/eilat
/eilat-tours-compared,/jerusalem-tours-compared
/eilat-travel-guide,/eilat
/eilat-vs-aqaba,/eilat
/eilat/coral-beach,/eilat
/eilat/dolphin-reef,/eilat
/eilat/red-canyon,/eilat
/eilat/timna-park,/eilat
/eilat/underwater-observatory,/eilat
/ein-gedi-guide,/dead-sea
/ein-kerem-jerusalem-guide,/jerusalem
/es/1-day-jerusalem-itinerary,/es/itineraries/7-days-in-israel
/es/1-day-tel-aviv-itinerary,/es/itineraries/7-days-in-israel
/es/3-days-in-eilat,/es/itineraries/7-days-in-israel
/es/3-days-in-galilee,/es/itineraries/7-days-in-israel
/es/3-days-in-haifa,/es/itineraries/7-days-in-israel
/es/3-days-in-israel,/es/itineraries/7-days-in-israel
/es/3-days-in-negev,/es/itineraries/7-days-in-israel
/es/3-days-in-tel-aviv,/es/itineraries/7-days-in-israel
/es/air-haifa-haifa-airport-guide,/es/haifa
/es/airlines-flying-israel-2026,/es/first-time-in-israel
/es/akko,/es/haifa
/es/akko-acre-guide,/es/haifa
/es/akko/bahai-mansion,/es/haifa
/es/akko/hospitaller-knights,/es/haifa
/es/akko/khan-al-umdan,/es/haifa
/es/akko/old-city,/es/haifa
/es/akko/templar-tunnel,/es/haifa
/es/ammunition-hill-jerusalem,/es/jerusalem
/es/anu-museum-guide,/es/first-time-in-israel
/es/aqaba-from-eilat,/es/eilat
/es/arava-mountain-biking,/es/negev
/es/ashdod-cruise-port-excursions,/es/day-trips-from-tel-aviv
/es/ashkelon-guide,/es/first-time-in-israel
/es/atlit-detainee-camp-guide,/es/first-time-in-israel
/es/backpacking-israel,/es/first-time-in-israel
/es/bahai-world-center-guide,/es/haifa
/es/bar-bat-mitzvah-israel,/es/first-time-in-israel
/es/bedouin-experience-israel,/es/first-time-in-israel
/es/beer-sheva-guide,/es/negev
/es/beit-alfa-guide,/es/first-time-in-israel
/es/beit-guvrin-caves-guide,/es/first-time-in-israel
/es/beit-shean-guide,/es/first-time-in-israel
/es/beit-shearim-guide,/es/first-time-in-israel
/es/belvoir-fortress,/es/first-time-in-israel
/es/ben-gurion-airport-guide,/es/first-time-in-israel
/es/ben-gurion-airport-transfers,/es/first-time-in-israel
/es/best-beaches-israel,/es/first-time-in-israel
/es/best-holy-land-tours,/es/jerusalem-tours-compared
/es/best-hotels-haifa,/es/haifa
/es/best-hotels-nazareth,/es/galilee
/es/best-hotels-negev,/es/negev
/es/best-hotels-netanya,/es/haifa
/es/best-hotels-sea-of-galilee,/es/galilee
/es/best-hotels-tiberias,/es/galilee
/es/best-tours-in-israel,/es/jerusalem-tours-compared
/es/bethlehem-tours-compared,/es/jerusalem-tours-compared
/es/bethlehem-travel-guide,/es/jerusalem
/es/binyamina-guide,/es/first-time-in-israel
/es/birdwatching-in-israel,/es/first-time-in-israel
/es/border-crossings,/es/visa-information
/es/caesarea,/es/haifa
/es/caesarea-concerts-events,/es/haifa
/es/caesarea-guide,/es/haifa
/es/caesarea/aqueduct-beach,/es/haifa
/es/caesarea/harbour,/es/haifa
/es/caesarea/national-park,/es/haifa
/es/caesarea/ralli-museum,/es/haifa
/es/cheap-flights-to-israel,/es/first-time-in-israel
/es/christian-pilgrimage-holy-land,/es/first-time-in-israel
/es/christmas-in-israel,/es/best-time-to-visit-israel
/es/church-holy-sepulchre-guide,/es/first-time-in-israel
/es/church-of-nativity-guide,/es/first-time-in-israel
/es/city-of-david-jerusalem,/es/jerusalem
/es/cruise-shore-excursions-israel,/es/day-trips-from-tel-aviv
/es/cycling-in-israel,/es/first-time-in-israel
/es/day-trips-from-eilat,/es/jerusalem-tours-compared
/es/day-trips-from-haifa,/es/day-trips-from-tel-aviv
/es/day-trips-from-jerusalem,/es/jerusalem-tours-compared
/es/dead-sea-day-trip-comparison,/es/dead-sea-tours-compared
/es/dead-sea-guide,/es/dead-sea
/es/dead-sea-israel-vs-jordan,/es/dead-sea
/es/dead-sea-medical-tourism,/es/dead-sea-tours-compared
/es/dead-sea-vs-eilat,/es/dead-sea
/es/dead-sea/ein-bokek,/es/dead-sea
/es/dead-sea/ein-gedi,/es/dead-sea
/es/dead-sea/masada,/es/dead-sea
/es/dead-sea/mineral-beach,/es/dead-sea
/es/dead-sea/qumran,/es/dead-sea
/es/design-museum-holon,/es/first-time-in-israel
/es/digital-nomad-israel,/es/first-time-in-israel
/es/driving-in-israel,/es/car-rental-israel
/es/druze-villages-carmel,/es/car-rental-israel
/es/easter-in-jerusalem,/es/jerusalem
/es/egypt-jordan-israel-itinerary,/es/itineraries/7-days-in-israel
/es/eilat-beach-guide,/es/eilat
/es/eilat-diving-snorkeling,/es/eilat
/es/eilat-dolphin-reef-guide,/es/eilat
/es/eilat-nightlife,/es/eilat
/es/eilat-ramon-airport-guide,/es/eilat
/es/eilat-snorkeling-guide,/es/eilat
/es/eilat-tours-compared,/es/jerusalem-tours-compared
/es/eilat-travel-guide,/es/eilat
/es/eilat-vs-aqaba,/es/eilat
/es/eilat/coral-beach,/es/eilat
/es/eilat/dolphin-reef,/es/eilat
/es/eilat/red-canyon,/es/eilat
/es/eilat/timna-park,/es/eilat
/es/eilat/underwater-observatory,/es/eilat
/es/ein-gedi-guide,/es/dead-sea
/es/ein-kerem-jerusalem-guide,/es/jerusalem
/es/free-things-to-do-israel,/es/first-time-in-israel
/es/galilee-christian-sites-circuit,/es/galilee
/es/galilee-culinary-institute-gonen,/es/galilee
/es/galilee-food-guide,/es/galilee
/es/galilee-tours-compared,/es/jerusalem-tours-compared
/es/galilee-vs-golan-weekend,/es/galilee
/es/galilee-wine-trail,/es/galilee
/es/galilee/capernaum,/es/galilee
/es/galilee/magdala,/es/galilee
/es/galilee/mount-arbel,/es/galilee
/es/galilee/mount-of-beatitudes,/es/galilee
/es/galilee/tiberias,/es/galilee
/es/galilee/yardenit,/es/galilee
/es/gamla-nature-reserve-guide,/es/first-time-in-israel
/es/gan-hashlosha-guide,/es/first-time-in-israel
/es/getyourguide-vs-viator-israel,/es/first-time-in-israel
/es/glamping-israel,/es/first-time-in-israel
/es/golan,/es/galilee
/es/golan-heights-guide,/es/galilee
/es/golan-heights-hiking-trails,/es/galilee
/es/golan-heights-tours-compared,/es/jerusalem-tours-compared
/es/golan-heights-wineries,/es/galilee
/es/golan/banias,/es/galilee
/es/golan/druze-villages,/es/galilee
/es/golan/mount-bental,/es/galilee
/es/golan/mount-hermon,/es/galilee
/es/golan/nimrod-fortress,/es/galilee
/es/guided-vs-self-guided-israel,/es/jerusalem-tours-compared
/es/hai-bar-yotvata-guide,/es/first-time-in-israel
/es/haifa-cruise-terminal-guide,/es/haifa
/es/haifa-food-guide,/es/haifa
/es/haifa-neighborhoods-guide,/es/haifa
/es/haifa-shore-excursions,/es/day-trips-from-tel-aviv
/es/haifa-tours-compared,/es/day-trips-from-tel-aviv
/es/haifa-travel-guide,/es/haifa
/es/haifa/bahai-gardens,/es/haifa
/es/haifa/carmel-national-park,/es/haifa
/es/haifa/german-colony,/es/haifa
/es/haifa/stella-maris,/es/haifa
/es/haifa/wadi-nisnas,/es/haifa
/es/hayarkon-park-tel-aviv,/es/tel-aviv
/es/herodion-guide,/es/first-time-in-israel
/es/herzliya-guide,/es/first-time-in-israel
/es/hiking-in-israel,/es/first-time-in-israel
/es/holy-sites-dress-code-etiquette,/es/first-time-in-israel
/es/hotels-near-ben-gurion-airport,/es/best-hotels-jerusalem
/es/how-to-hire-licensed-tour-guide-israel,/es/jerusalem-tours-compared
/es/israel-5-vs-7-vs-10-days,/es/itineraries/7-days-in-israel
/es/israel-accessible-travel,/es/first-time-in-israel
/es/israel-accommodation-guide,/es/best-hotels-jerusalem
/es/israel-adventure-sports,/es/first-time-in-israel
/es/israel-affordable-luxury,/es/first-time-in-israel
/es/israel-after-birthright,/es/first-time-in-israel
/es/israel-agritourism-guide,/es/jerusalem-tours-compared
/es/israel-anzac-heritage,/es/first-time-in-israel
/es/israel-archaeology-experience,/es/first-time-in-israel
/es/israel-base-city-guide,/es/first-time-in-israel
/es/israel-best-scenic-drives,/es/car-rental-israel
/es/israel-biblical-highway,/es/first-time-in-israel
/es/israel-business-travel-guide,/es/first-time-in-israel
/es/israel-by-month,/es/first-time-in-israel
/es/israel-campervan,/es/first-time-in-israel
/es/israel-car-rental-comparison,/es/car-rental-israel
/es/israel-cost-budget,/es/first-time-in-israel
/es/israel-craft-beer,/es/first-time-in-israel
/es/israel-craft-spirits,/es/first-time-in-israel
/es/israel-culinary-heritage-tourism,/es/jerusalem-tours-compared
/es/israel-diamonds-jewelry,/es/first-time-in-israel
/es/israel-egypt-guide,/es/first-time-in-israel
/es/israel-esim,/es/first-time-in-israel
/es/israel-eta-guide,/es/visa-information
/es/israel-evening-activities,/es/first-time-in-israel
/es/israel-events-festivals,/es/best-time-to-visit-israel
/es/israel-film-tv-tourism,/es/jerusalem-tours-compared
/es/israel-fine-dining,/es/first-time-in-israel
/es/israel-food-festivals,/es/best-time-to-visit-israel
/es/israel-food-tours-cooking-classes,/es/jerusalem-tours-compared
/es/israel-for-american-travelers,/es/first-time-in-israel
/es/israel-for-argentinian-travelers,/es/first-time-in-israel
/es/israel-for-british-travelers,/es/first-time-in-israel
/es/israel-for-chinese-travelers,/es/first-time-in-israel
/es/israel-for-czech-travelers,/es/first-time-in-israel
/es/israel-for-filipino-travelers,/es/first-time-in-israel
/es/israel-for-french-travelers,/es/first-time-in-israel
/es/israel-for-german-travelers,/es/first-time-in-israel
/es/israel-for-gulf-travelers,/es/first-time-in-israel
/es/israel-for-indian-travelers,/es/first-time-in-israel
/es/israel-for-irish-travelers,/es/first-time-in-israel
/es/israel-for-italian-travelers,/es/first-time-in-israel
/es/israel-for-korean-travelers,/es/first-time-in-israel
/es/israel-for-nordic-travelers,/es/first-time-in-israel
/es/israel-for-portuguese-travelers,/es/first-time-in-israel
/es/israel-for-russian-speaking-travelers,/es/first-time-in-israel
/es/israel-for-seniors,/es/first-time-in-israel
/es/israel-for-serbian-travelers,/es/first-time-in-israel
/es/israel-for-south-african-travelers,/es/first-time-in-israel
/es/israel-for-spanish-travelers,/es/first-time-in-israel
/es/israel-for-swiss-travelers,/es/first-time-in-israel
/es/israel-gluten-free-guide,/es/first-time-in-israel
/es/israel-group-travel,/es/first-time-in-israel
/es/israel-hebrew-phrases,/es/first-time-in-israel
/es/israel-hidden-gems,/es/first-time-in-israel
/es/israel-homeport-cruise,/es/first-time-in-israel
/es/israel-honeymoon,/es/first-time-in-israel
/es/israel-horseback-riding,/es/first-time-in-israel
/es/israel-hummus-trail,/es/first-time-in-israel
/es/israel-in-april,/es/best-time-to-visit-israel
/es/israel-in-autumn,/es/first-time-in-israel
/es/israel-in-december,/es/best-time-to-visit-israel
/es/israel-in-february,/es/best-time-to-visit-israel
/es/israel-in-january,/es/best-time-to-visit-israel
/es/israel-in-july,/es/best-time-to-visit-israel
/es/israel-in-june,/es/best-time-to-visit-israel
/es/israel-in-march,/es/best-time-to-visit-israel
/es/israel-in-may,/es/best-time-to-visit-israel
/es/israel-in-november,/es/best-time-to-visit-israel
/es/israel-in-october,/es/best-time-to-visit-israel
/es/israel-in-september,/es/best-time-to-visit-israel
/es/israel-in-spring,/es/first-time-in-israel
/es/israel-in-summer,/es/first-time-in-israel
/es/israel-in-winter,/es/first-time-in-israel
/es/israel-jordan-itinerary,/es/itineraries/7-days-in-israel
/es/israel-kayaking,/es/first-time-in-israel
/es/israel-medical-tourism,/es/jerusalem-tours-compared
/es/israel-mediterranean-cruise-guide,/es/first-time-in-israel
/es/israel-military-heritage,/es/first-time-in-israel
/es/israel-money-guide,/es/first-time-in-israel
/es/israel-museum-jerusalem,/es/jerusalem
/es/israel-music-festivals,/es/best-time-to-visit-israel
/es/israel-national-bike-trail,/es/first-time-in-israel
/es/israel-national-parks-pass,/es/first-time-in-israel
/es/israel-national-trail-hiking,/es/first-time-in-israel
/es/israel-orthodox-jewish-travel,/es/first-time-in-israel
/es/israel-packing-list-guide,/es/first-time-in-israel
/es/israel-paragliding-guide,/es/first-time-in-israel
/es/israel-photography-guide,/es/first-time-in-israel
/es/israel-photography-tours,/es/jerusalem-tours-compared
/es/israel-points-miles-guide,/es/first-time-in-israel
/es/israel-power-plug,/es/first-time-in-israel
/es/israel-rainy-day-activities,/es/first-time-in-israel
/es/israel-ramadan-guide,/es/best-time-to-visit-israel
/es/israel-road-trip,/es/car-rental-israel
/es/israel-rooftop-bars,/es/first-time-in-israel
/es/israel-small-group-tours,/es/jerusalem-tours-compared
/es/israel-spring-wildflowers,/es/best-time-to-visit-israel
/es/israel-stargazing,/es/first-time-in-israel
/es/israel-surfing,/es/first-time-in-israel
/es/israel-thermal-springs,/es/first-time-in-israel
/es/israel-tour-operators-guide,/es/jerusalem-tours-compared
/es/israel-travel-2026,/es/first-time-in-israel
/es/israel-travel-apps,/es/first-time-in-israel
/es/israel-travel-insurance,/es/first-time-in-israel
/es/israel-travel-tips,/es/first-time-in-israel
/es/israel-trip-cost-by-style,/es/first-time-in-israel
/es/israel-unesco-sites,/es/first-time-in-israel
/es/israel-vat-refund,/es/first-time-in-israel
/es/israel-visa-extension,/es/visa-information
/es/israel-vs-albania,/es/first-time-in-israel
/es/israel-vs-cyprus,/es/first-time-in-israel
/es/israel-vs-egypt,/es/first-time-in-israel
/es/israel-vs-france,/es/first-time-in-israel
/es/israel-vs-greece,/es/first-time-in-israel
/es/israel-vs-italy,/es/first-time-in-israel
/es/israel-vs-jordan,/es/first-time-in-israel
/es/israel-vs-portugal,/es/first-time-in-israel
/es/israel-vs-spain,/es/first-time-in-israel
/es/israel-vs-turkey,/es/first-time-in-israel
/es/israel-water-parks,/es/first-time-in-israel
/es/israel-wellness-spa,/es/first-time-in-israel
/es/israel-wine-wineries,/es/first-time-in-israel
/es/israel-with-kids,/es/first-time-in-israel
/es/israel-with-teenagers,/es/first-time-in-israel
/es/israel-yoga-retreats,/es/first-time-in-israel
/es/israel-zimmer-guide,/es/best-hotels-jerusalem
/es/israeli-breakfast-guide,/es/first-time-in-israel
/es/israeli-food-cuisine-guide,/es/first-time-in-israel
/es/israeli-passport-stamp,/es/visa-information
/es/israeli-street-food-guide,/es/first-time-in-israel
/es/itineraries/14-days-in-israel,/es/itineraries/10-days-in-israel
/es/itineraries/2-days-in-tel-aviv,/es/tel-aviv
/es/itineraries/3-days-in-jerusalem,/es/jerusalem
/es/itineraries/5-days-in-israel,/es/itineraries/7-days-in-israel
/es/jaffa-food-guide,/es/tel-aviv
/es/jaffa-hotels-guide,/es/best-hotels-tel-aviv
/es/jaffa-travel-guide,/es/tel-aviv
/es/jericho-day-trip-from-jerusalem,/es/jerusalem-tours-compared
/es/jerusalem-armenian-quarter,/es/jerusalem
/es/jerusalem-coffee-guide,/es/jerusalem
/es/jerusalem-festival-of-light,/es/jerusalem
/es/jerusalem-first-station-guide,/es/jerusalem
/es/jerusalem-food-guide,/es/jerusalem
/es/jerusalem-light-rail-guide,/es/jerusalem
/es/jerusalem-mount-zion-guide,/es/jerusalem
/es/jerusalem-museums,/es/jerusalem
/es/jerusalem-neighborhoods-guide,/es/jerusalem
/es/jerusalem-nightlife,/es/jerusalem
/es/jerusalem-old-city-walking-tour,/es/jerusalem-tours-compared
/es/jerusalem-pilgrimage-road,/es/jerusalem
/es/jerusalem-trail,/es/jerusalem
/es/jerusalem/city-of-david,/es/jerusalem
/es/jerusalem/garden-tomb,/es/jerusalem
/es/jerusalem/israel-museum,/es/jerusalem
/es/jerusalem/mahane-yehuda,/es/jerusalem
/es/jerusalem/mount-of-olives,/es/jerusalem
/es/jerusalem/old-city,/es/jerusalem
/es/jerusalem/tower-of-david,/es/jerusalem
/es/jerusalem/via-dolorosa,/es/jerusalem
/es/jerusalem/western-wall,/es/jerusalem
/es/jerusalem/yad-vashem,/es/jerusalem
/es/jesus-trail-israel,/es/first-time-in-israel
/es/jewish-genealogy-israel-trip,/es/first-time-in-israel
/es/jewish-heritage-israel,/es/first-time-in-israel
/es/jewish-quarter-jerusalem-guide,/es/jerusalem
/es/jordan-pass-guide,/es/first-time-in-israel
/es/jordan-river-baptism,/es/galilee
/es/judean-hills-wine-trail,/es/first-time-in-israel
/es/kerem-hateimanim-tel-aviv,/es/tel-aviv
/es/keshet-cave-guide,/es/first-time-in-israel
/es/kibbutz-hotels-israel,/es/best-hotels-jerusalem
/es/kosher-food-guide,/es/first-time-in-israel
/es/lag-baomer-israel,/es/best-time-to-visit-israel
/es/latrun-guide,/es/first-time-in-israel
/es/layover-jerusalem,/es/jerusalem
/es/layover-tel-aviv,/es/tel-aviv
/es/lgbtq-travel-israel,/es/first-time-in-israel
/es/luxury-arava-desert,/es/negev
/es/luxury-travel-israel,/es/first-time-in-israel
/es/maccabiah-games-2026,/es/first-time-in-israel
/es/mahane-yehuda-market-guide,/es/first-time-in-israel
/es/masada-dead-sea-day-trip,/es/dead-sea-tours-compared
/es/masada-tours-compared,/es/dead-sea-tours-compared
/es/megiddo-jezreel-valley-guide,/es/first-time-in-israel
/es/mitzpe-ramon-guide,/es/negev
/es/mount-hermon-skiing,/es/galilee
/es/mount-of-olives-guide,/es/jerusalem
/es/mount-tabor-guide,/es/first-time-in-israel
/es/museum-of-tolerance-jerusalem,/es/jerusalem
/es/muslim-travel-israel,/es/first-time-in-israel
/es/nahal-alexander-guide,/es/first-time-in-israel
/es/nahal-pratzim-guide,/es/first-time-in-israel
/es/nahalat-binyamin-market-tel-aviv,/es/tel-aviv
/es/national-library-israel,/es/first-time-in-israel
/es/nativity-trail-guide,/es/first-time-in-israel
/es/nazareth,/es/galilee
/es/nazareth-tours-compared,/es/jerusalem-tours-compared
/es/nazareth-travel-guide,/es/galilee
/es/nazareth/basilica-of-the-annunciation,/es/galilee
/es/nazareth/marys-well,/es/galilee
/es/nazareth/mount-of-precipice,/es/galilee
/es/nazareth/old-city,/es/galilee
/es/negev-highway-40-guide,/es/negev
/es/negev-incense-route,/es/negev
/es/negev-jeep-tours,/es/jerusalem-tours-compared
/es/negev-makhtesh-guide,/es/negev
/es/negev-multi-day-hiking,/es/negev
/es/negev-tours-compared,/es/jerusalem-tours-compared
/es/negev/avdat,/es/negev
/es/negev/bedouin-hospitality,/es/negev
/es/negev/ein-avdat,/es/negev
/es/negev/mitzpe-ramon,/es/negev
/es/negev/sde-boker,/es/negev
/es/netanya-guide,/es/haifa
/es/neve-tzedek-guide,/es/tel-aviv
/es/new-luxury-hotels-israel-2026,/es/best-hotels-jerusalem
/es/nimrod-fortress-guide,/es/first-time-in-israel
/es/northern-israel-road-trip,/es/car-rental-israel
/es/palmahim-beach-guide,/es/first-time-in-israel
/es/passover-in-israel,/es/best-time-to-visit-israel
/es/pet-friendly-israel,/es/first-time-in-israel
/es/petra-from-eilat-vs-amman,/es/eilat
/es/petra-tours-compared,/es/jerusalem-tours-compared
/es/petra-wadi-rum-from-eilat,/es/eilat
/es/private-tours-israel,/es/jerusalem-tours-compared
/es/purim-in-israel,/es/best-time-to-visit-israel
/es/qumran-guide,/es/dead-sea
/es/rav-kav-israel,/es/first-time-in-israel
/es/red-canyon-eilat,/es/eilat
/es/rosh-hanikra-guide,/es/haifa
/es/rosh-hashanah-in-israel,/es/best-time-to-visit-israel
/es/rosh-pina-guide,/es/first-time-in-israel
/es/safed-tzfat-guide,/es/is-israel-safe
/es/sarona-market-tel-aviv,/es/tel-aviv
/es/schottenstein-campus-jerusalem,/es/jerusalem
/es/sde-boker-ein-avdat-guide,/es/negev
/es/sea-of-galilee-beaches,/es/galilee
/es/sea-of-galilee-boat-tour,/es/jerusalem-tours-compared
/es/sea-of-galilee-guide,/es/galilee
/es/shabbat-dinner-experience,/es/first-time-in-israel
/es/shabbat-guide,/es/first-time-in-israel
/es/shopping-in-israel,/es/first-time-in-israel
/es/skyfield-extreme-park-jaffa,/es/tel-aviv
/es/solo-female-travel-israel,/es/first-time-in-israel
/es/solo-travel-israel,/es/first-time-in-israel
/es/soreq-cave-guide,/es/first-time-in-israel
/es/south-israel-itinerary,/es/itineraries/7-days-in-israel
/es/sports-events-israel,/es/first-time-in-israel
/es/sukkot-in-israel,/es/best-time-to-visit-israel
/es/sustainable-travel-israel,/es/first-time-in-israel
/es/tabgha-church-guide,/es/first-time-in-israel
/es/tel-afek-guide,/es/first-time-in-israel
/es/tel-arad-guide,/es/negev
/es/tel-aviv-bachelorette,/es/tel-aviv
/es/tel-aviv-beach-guide,/es/tel-aviv
/es/tel-aviv-carmel-market,/es/car-rental-israel
/es/tel-aviv-coffee-guide,/es/tel-aviv
/es/tel-aviv-food-guide,/es/tel-aviv
/es/tel-aviv-light-rail,/es/tel-aviv
/es/tel-aviv-museums,/es/tel-aviv
/es/tel-aviv-neighborhoods-guide,/es/tel-aviv
/es/tel-aviv-nightlife,/es/tel-aviv
/es/tel-aviv-pride-guide,/es/tel-aviv
/es/tel-aviv-street-art,/es/tel-aviv
/es/tel-aviv-things-to-do,/es/tel-aviv
/es/tel-aviv-to-jerusalem,/es/jerusalem
/es/tel-aviv-tours-compared,/es/day-trips-from-tel-aviv
/es/tel-aviv-vs-jerusalem,/es/jerusalem
/es/tel-aviv-white-city,/es/tel-aviv
/es/tel-aviv/carmel-market,/es/tel-aviv
/es/tel-aviv/florentin,/es/tel-aviv
/es/tel-aviv/neve-tzedek,/es/tel-aviv
/es/tel-aviv/old-jaffa,/es/tel-aviv
/es/tel-aviv/rothschild,/es/tel-aviv
/es/tel-aviv/tayelet,/es/tel-aviv
/es/tel-aviv/tel-aviv-museum,/es/tel-aviv
/es/tel-gezer-guide,/es/first-time-in-israel
/es/tel-megiddo-guide,/es/first-time-in-israel
/es/temple-mount-visitor-guide,/es/first-time-in-israel
/es/terminal-park-eilat,/es/eilat
/es/tiberias-guide,/es/galilee
/es/timna-park-guide,/es/eilat
/es/tower-of-david-guide,/es/first-time-in-israel
/es/transportation,/es/first-time-in-israel
/es/traveling-israel-jewish-holidays,/es/best-time-to-visit-israel
/es/valley-of-elah-guide,/es/first-time-in-israel
/es/valley-of-tears-golan,/es/galilee
/es/vegan-vegetarian-israel,/es/first-time-in-israel
/es/via-dolorosa-guide,/es/first-time-in-israel
/es/via-ferrata-israel,/es/first-time-in-israel
/es/wadi-qelt-monastery-guide,/es/first-time-in-israel
/es/water-hiking-israel,/es/first-time-in-israel
/es/wedding-in-israel,/es/first-time-in-israel
/es/western-galilee-guide,/es/galilee
/es/western-wall-guide,/es/jerusalem
/es/western-wall-tunnels-guide,/es/jerusalem
/es/whats-open-on-shabbat,/es/first-time-in-israel
/es/yad-vashem-visitor-guide,/es/jerusalem
/es/yam-caesarea-guide,/es/haifa
/es/yam-lyam-sea-to-sea-hike,/es/first-time-in-israel
/es/yom-haatzmaut-guide,/es/best-time-to-visit-israel
/es/yom-kippur-in-israel,/es/best-time-to-visit-israel
/es/zichron-yaakov-guide,/es/haifa
/es/zionist-heritage-trail,/es/first-time-in-israel
/es/zippori-sepphoris-guide,/es/first-time-in-israel
/fattal-rock-festival-eilat,/eilat
/fr/1-day-jerusalem-itinerary,/fr/itineraries/7-days-in-israel
/fr/1-day-tel-aviv-itinerary,/fr/itineraries/7-days-in-israel
/fr/3-days-in-eilat,/fr/itineraries/7-days-in-israel
/fr/3-days-in-galilee,/fr/itineraries/7-days-in-israel
/fr/3-days-in-haifa,/fr/itineraries/7-days-in-israel
/fr/3-days-in-israel,/fr/itineraries/7-days-in-israel
/fr/3-days-in-negev,/fr/itineraries/7-days-in-israel
/fr/3-days-in-tel-aviv,/fr/itineraries/7-days-in-israel
/fr/air-haifa-haifa-airport-guide,/fr/haifa
/fr/airlines-flying-israel-2026,/fr/first-time-in-israel
/fr/akko,/fr/haifa
/fr/akko-acre-guide,/fr/haifa
/fr/akko/bahai-mansion,/fr/haifa
/fr/akko/hospitaller-knights,/fr/haifa
/fr/akko/khan-al-umdan,/fr/haifa
/fr/akko/old-city,/fr/haifa
/fr/akko/templar-tunnel,/fr/haifa
/fr/ammunition-hill-jerusalem,/fr/jerusalem
/fr/anu-museum-guide,/fr/first-time-in-israel
/fr/aqaba-from-eilat,/fr/eilat
/fr/arava-mountain-biking,/fr/negev
/fr/ashdod-cruise-port-excursions,/fr/day-trips-from-tel-aviv
/fr/ashkelon-guide,/fr/first-time-in-israel
/fr/atlit-detainee-camp-guide,/fr/first-time-in-israel
/fr/backpacking-israel,/fr/first-time-in-israel
/fr/bahai-world-center-guide,/fr/haifa
/fr/bar-bat-mitzvah-israel,/fr/first-time-in-israel
/fr/bedouin-experience-israel,/fr/first-time-in-israel
/fr/beer-sheva-guide,/fr/negev
/fr/beit-alfa-guide,/fr/first-time-in-israel
/fr/beit-guvrin-caves-guide,/fr/first-time-in-israel
/fr/beit-shean-guide,/fr/first-time-in-israel
/fr/beit-shearim-guide,/fr/first-time-in-israel
/fr/belvoir-fortress,/fr/first-time-in-israel
/fr/ben-gurion-airport-guide,/fr/first-time-in-israel
/fr/ben-gurion-airport-transfers,/fr/first-time-in-israel
/fr/best-beaches-israel,/fr/first-time-in-israel
/fr/best-holy-land-tours,/fr/jerusalem-tours-compared
/fr/best-hotels-haifa,/fr/haifa
/fr/best-hotels-nazareth,/fr/galilee
/fr/best-hotels-negev,/fr/negev
/fr/best-hotels-netanya,/fr/haifa
/fr/best-hotels-sea-of-galilee,/fr/galilee
/fr/best-hotels-tiberias,/fr/galilee
/fr/best-tours-in-israel,/fr/jerusalem-tours-compared
/fr/bethlehem-tours-compared,/fr/jerusalem-tours-compared
/fr/bethlehem-travel-guide,/fr/jerusalem
/fr/binyamina-guide,/fr/first-time-in-israel
/fr/birdwatching-in-israel,/fr/first-time-in-israel
/fr/border-crossings,/fr/visa-information
/fr/caesarea,/fr/haifa
/fr/caesarea-concerts-events,/fr/haifa
/fr/caesarea-guide,/fr/haifa
/fr/caesarea/aqueduct-beach,/fr/haifa
/fr/caesarea/harbour,/fr/haifa
/fr/caesarea/national-park,/fr/haifa
/fr/caesarea/ralli-museum,/fr/haifa
/fr/cheap-flights-to-israel,/fr/first-time-in-israel
/fr/christian-pilgrimage-holy-land,/fr/first-time-in-israel
/fr/christmas-in-israel,/fr/best-time-to-visit-israel
/fr/church-holy-sepulchre-guide,/fr/first-time-in-israel
/fr/church-of-nativity-guide,/fr/first-time-in-israel
/fr/city-of-david-jerusalem,/fr/jerusalem
/fr/cruise-shore-excursions-israel,/fr/day-trips-from-tel-aviv
/fr/cycling-in-israel,/fr/first-time-in-israel
/fr/day-trips-from-eilat,/fr/jerusalem-tours-compared
/fr/day-trips-from-haifa,/fr/day-trips-from-tel-aviv
/fr/day-trips-from-jerusalem,/fr/jerusalem-tours-compared
/fr/dead-sea-day-trip-comparison,/fr/dead-sea-tours-compared
/fr/dead-sea-guide,/fr/dead-sea
/fr/dead-sea-israel-vs-jordan,/fr/dead-sea
/fr/dead-sea-medical-tourism,/fr/dead-sea-tours-compared
/fr/dead-sea-vs-eilat,/fr/dead-sea
/fr/dead-sea/ein-bokek,/fr/dead-sea
/fr/dead-sea/ein-gedi,/fr/dead-sea
/fr/dead-sea/masada,/fr/dead-sea
/fr/dead-sea/mineral-beach,/fr/dead-sea
/fr/dead-sea/qumran,/fr/dead-sea
/fr/design-museum-holon,/fr/first-time-in-israel
/fr/digital-nomad-israel,/fr/first-time-in-israel
/fr/driving-in-israel,/fr/car-rental-israel
/fr/druze-villages-carmel,/fr/car-rental-israel
/fr/easter-in-jerusalem,/fr/jerusalem
/fr/egypt-jordan-israel-itinerary,/fr/itineraries/7-days-in-israel
/fr/eilat-beach-guide,/fr/eilat
/fr/eilat-diving-snorkeling,/fr/eilat
/fr/eilat-dolphin-reef-guide,/fr/eilat
/fr/eilat-nightlife,/fr/eilat
/fr/eilat-ramon-airport-guide,/fr/eilat
/fr/eilat-snorkeling-guide,/fr/eilat
/fr/eilat-tours-compared,/fr/jerusalem-tours-compared
/fr/eilat-travel-guide,/fr/eilat
/fr/eilat-vs-aqaba,/fr/eilat
/fr/eilat/coral-beach,/fr/eilat
/fr/eilat/dolphin-reef,/fr/eilat
/fr/eilat/red-canyon,/fr/eilat
/fr/eilat/timna-park,/fr/eilat
/fr/eilat/underwater-observatory,/fr/eilat
/fr/ein-gedi-guide,/fr/dead-sea
/fr/ein-kerem-jerusalem-guide,/fr/jerusalem
/fr/free-things-to-do-israel,/fr/first-time-in-israel
/fr/galilee-christian-sites-circuit,/fr/galilee
/fr/galilee-culinary-institute-gonen,/fr/galilee
/fr/galilee-food-guide,/fr/galilee
/fr/galilee-tours-compared,/fr/jerusalem-tours-compared
/fr/galilee-vs-golan-weekend,/fr/galilee
/fr/galilee-wine-trail,/fr/galilee
/fr/galilee/capernaum,/fr/galilee
/fr/galilee/magdala,/fr/galilee
/fr/galilee/mount-arbel,/fr/galilee
/fr/galilee/mount-of-beatitudes,/fr/galilee
/fr/galilee/tiberias,/fr/galilee
/fr/galilee/yardenit,/fr/galilee
/fr/gamla-nature-reserve-guide,/fr/first-time-in-israel
/fr/gan-hashlosha-guide,/fr/first-time-in-israel
/fr/getyourguide-vs-viator-israel,/fr/first-time-in-israel
/fr/glamping-israel,/fr/first-time-in-israel
/fr/golan,/fr/galilee
/fr/golan-heights-guide,/fr/galilee
/fr/golan-heights-hiking-trails,/fr/galilee
/fr/golan-heights-tours-compared,/fr/jerusalem-tours-compared
/fr/golan-heights-wineries,/fr/galilee
/fr/golan/banias,/fr/galilee
/fr/golan/druze-villages,/fr/galilee
/fr/golan/mount-bental,/fr/galilee
/fr/golan/mount-hermon,/fr/galilee
/fr/golan/nimrod-fortress,/fr/galilee
/fr/guided-vs-self-guided-israel,/fr/jerusalem-tours-compared
/fr/hai-bar-yotvata-guide,/fr/first-time-in-israel
/fr/haifa-cruise-terminal-guide,/fr/haifa
/fr/haifa-food-guide,/fr/haifa
/fr/haifa-neighborhoods-guide,/fr/haifa
/fr/haifa-shore-excursions,/fr/day-trips-from-tel-aviv
/fr/haifa-tours-compared,/fr/day-trips-from-tel-aviv
/fr/haifa-travel-guide,/fr/haifa
/fr/haifa/bahai-gardens,/fr/haifa
/fr/haifa/carmel-national-park,/fr/haifa
/fr/haifa/german-colony,/fr/haifa
/fr/haifa/stella-maris,/fr/haifa
/fr/haifa/wadi-nisnas,/fr/haifa
/fr/hayarkon-park-tel-aviv,/fr/tel-aviv
/fr/herodion-guide,/fr/first-time-in-israel
/fr/herzliya-guide,/fr/first-time-in-israel
/fr/hiking-in-israel,/fr/first-time-in-israel
/fr/holy-sites-dress-code-etiquette,/fr/first-time-in-israel
/fr/hotels-near-ben-gurion-airport,/fr/best-hotels-jerusalem
/fr/how-to-hire-licensed-tour-guide-israel,/fr/jerusalem-tours-compared
/fr/israel-5-vs-7-vs-10-days,/fr/itineraries/7-days-in-israel
/fr/israel-accessible-travel,/fr/first-time-in-israel
/fr/israel-accommodation-guide,/fr/best-hotels-jerusalem
/fr/israel-adventure-sports,/fr/first-time-in-israel
/fr/israel-affordable-luxury,/fr/first-time-in-israel
/fr/israel-after-birthright,/fr/first-time-in-israel
/fr/israel-agritourism-guide,/fr/jerusalem-tours-compared
/fr/israel-anzac-heritage,/fr/first-time-in-israel
/fr/israel-archaeology-experience,/fr/first-time-in-israel
/fr/israel-base-city-guide,/fr/first-time-in-israel
/fr/israel-best-scenic-drives,/fr/car-rental-israel
/fr/israel-biblical-highway,/fr/first-time-in-israel
/fr/israel-business-travel-guide,/fr/first-time-in-israel
/fr/israel-by-month,/fr/first-time-in-israel
/fr/israel-campervan,/fr/first-time-in-israel
/fr/israel-car-rental-comparison,/fr/car-rental-israel
/fr/israel-cost-budget,/fr/first-time-in-israel
/fr/israel-craft-beer,/fr/first-time-in-israel
/fr/israel-craft-spirits,/fr/first-time-in-israel
/fr/israel-culinary-heritage-tourism,/fr/jerusalem-tours-compared
/fr/israel-diamonds-jewelry,/fr/first-time-in-israel
/fr/israel-egypt-guide,/fr/first-time-in-israel
/fr/israel-esim,/fr/first-time-in-israel
/fr/israel-eta-guide,/fr/visa-information
/fr/israel-evening-activities,/fr/first-time-in-israel
/fr/israel-events-festivals,/fr/best-time-to-visit-israel
/fr/israel-film-tv-tourism,/fr/jerusalem-tours-compared
/fr/israel-fine-dining,/fr/first-time-in-israel
/fr/israel-food-festivals,/fr/best-time-to-visit-israel
/fr/israel-food-tours-cooking-classes,/fr/jerusalem-tours-compared
/fr/israel-for-american-travelers,/fr/first-time-in-israel
/fr/israel-for-argentinian-travelers,/fr/first-time-in-israel
/fr/israel-for-british-travelers,/fr/first-time-in-israel
/fr/israel-for-chinese-travelers,/fr/first-time-in-israel
/fr/israel-for-czech-travelers,/fr/first-time-in-israel
/fr/israel-for-filipino-travelers,/fr/first-time-in-israel
/fr/israel-for-french-travelers,/fr/first-time-in-israel
/fr/israel-for-german-travelers,/fr/first-time-in-israel
/fr/israel-for-gulf-travelers,/fr/first-time-in-israel
/fr/israel-for-indian-travelers,/fr/first-time-in-israel
/fr/israel-for-irish-travelers,/fr/first-time-in-israel
/fr/israel-for-italian-travelers,/fr/first-time-in-israel
/fr/israel-for-korean-travelers,/fr/first-time-in-israel
/fr/israel-for-nordic-travelers,/fr/first-time-in-israel
/fr/israel-for-portuguese-travelers,/fr/first-time-in-israel
/fr/israel-for-russian-speaking-travelers,/fr/first-time-in-israel
/fr/israel-for-seniors,/fr/first-time-in-israel
/fr/israel-for-serbian-travelers,/fr/first-time-in-israel
/fr/israel-for-south-african-travelers,/fr/first-time-in-israel
/fr/israel-for-spanish-travelers,/fr/first-time-in-israel
/fr/israel-for-swiss-travelers,/fr/first-time-in-israel
/fr/israel-gluten-free-guide,/fr/first-time-in-israel
/fr/israel-group-travel,/fr/first-time-in-israel
/fr/israel-hebrew-phrases,/fr/first-time-in-israel
/fr/israel-hidden-gems,/fr/first-time-in-israel
/fr/israel-homeport-cruise,/fr/first-time-in-israel
/fr/israel-honeymoon,/fr/first-time-in-israel
/fr/israel-horseback-riding,/fr/first-time-in-israel
/fr/israel-hummus-trail,/fr/first-time-in-israel
/fr/israel-in-april,/fr/best-time-to-visit-israel
/fr/israel-in-autumn,/fr/first-time-in-israel
/fr/israel-in-december,/fr/best-time-to-visit-israel
/fr/israel-in-february,/fr/best-time-to-visit-israel
/fr/israel-in-january,/fr/best-time-to-visit-israel
/fr/israel-in-july,/fr/best-time-to-visit-israel
/fr/israel-in-june,/fr/best-time-to-visit-israel
/fr/israel-in-march,/fr/best-time-to-visit-israel
/fr/israel-in-may,/fr/best-time-to-visit-israel
/fr/israel-in-november,/fr/best-time-to-visit-israel
/fr/israel-in-october,/fr/best-time-to-visit-israel
/fr/israel-in-september,/fr/best-time-to-visit-israel
/fr/israel-in-spring,/fr/first-time-in-israel
/fr/israel-in-summer,/fr/first-time-in-israel
/fr/israel-in-winter,/fr/first-time-in-israel
/fr/israel-jordan-itinerary,/fr/itineraries/7-days-in-israel
/fr/israel-kayaking,/fr/first-time-in-israel
/fr/israel-medical-tourism,/fr/jerusalem-tours-compared
/fr/israel-mediterranean-cruise-guide,/fr/first-time-in-israel
/fr/israel-military-heritage,/fr/first-time-in-israel
/fr/israel-money-guide,/fr/first-time-in-israel
/fr/israel-museum-jerusalem,/fr/jerusalem
/fr/israel-music-festivals,/fr/best-time-to-visit-israel
/fr/israel-national-bike-trail,/fr/first-time-in-israel
/fr/israel-national-parks-pass,/fr/first-time-in-israel
/fr/israel-national-trail-hiking,/fr/first-time-in-israel
/fr/israel-orthodox-jewish-travel,/fr/first-time-in-israel
/fr/israel-packing-list-guide,/fr/first-time-in-israel
/fr/israel-paragliding-guide,/fr/first-time-in-israel
/fr/israel-photography-guide,/fr/first-time-in-israel
/fr/israel-photography-tours,/fr/jerusalem-tours-compared
/fr/israel-points-miles-guide,/fr/first-time-in-israel
/fr/israel-power-plug,/fr/first-time-in-israel
/fr/israel-rainy-day-activities,/fr/first-time-in-israel
/fr/israel-ramadan-guide,/fr/best-time-to-visit-israel
/fr/israel-road-trip,/fr/car-rental-israel
/fr/israel-rooftop-bars,/fr/first-time-in-israel
/fr/israel-small-group-tours,/fr/jerusalem-tours-compared
/fr/israel-spring-wildflowers,/fr/best-time-to-visit-israel
/fr/israel-stargazing,/fr/first-time-in-israel
/fr/israel-surfing,/fr/first-time-in-israel
/fr/israel-thermal-springs,/fr/first-time-in-israel
/fr/israel-tour-operators-guide,/fr/jerusalem-tours-compared
/fr/israel-travel-2026,/fr/first-time-in-israel
/fr/israel-travel-apps,/fr/first-time-in-israel
/fr/israel-travel-insurance,/fr/first-time-in-israel
/fr/israel-travel-tips,/fr/first-time-in-israel
/fr/israel-trip-cost-by-style,/fr/first-time-in-israel
/fr/israel-unesco-sites,/fr/first-time-in-israel
/fr/israel-vat-refund,/fr/first-time-in-israel
/fr/israel-visa-extension,/fr/visa-information
/fr/israel-vs-albania,/fr/first-time-in-israel
/fr/israel-vs-cyprus,/fr/first-time-in-israel
/fr/israel-vs-egypt,/fr/first-time-in-israel
/fr/israel-vs-france,/fr/first-time-in-israel
/fr/israel-vs-greece,/fr/first-time-in-israel
/fr/israel-vs-jordan,/fr/first-time-in-israel
/fr/israel-vs-turkey,/fr/first-time-in-israel
/fr/israel-water-parks,/fr/first-time-in-israel
/fr/israel-wellness-spa,/fr/first-time-in-israel
/fr/israel-wine-wineries,/fr/first-time-in-israel
/fr/israel-with-kids,/fr/first-time-in-israel
/fr/israel-with-teenagers,/fr/first-time-in-israel
/fr/israel-yoga-retreats,/fr/first-time-in-israel
/fr/israel-zimmer-guide,/fr/best-hotels-jerusalem
/fr/israeli-breakfast-guide,/fr/first-time-in-israel
/fr/israeli-food-cuisine-guide,/fr/first-time-in-israel
/fr/israeli-passport-stamp,/fr/visa-information
/fr/israeli-street-food-guide,/fr/first-time-in-israel
/fr/itineraries/14-days-in-israel,/fr/itineraries/10-days-in-israel
/fr/itineraries/2-days-in-tel-aviv,/fr/tel-aviv
/fr/itineraries/3-days-in-jerusalem,/fr/jerusalem
/fr/itineraries/5-days-in-israel,/fr/itineraries/7-days-in-israel
/fr/jaffa-food-guide,/fr/tel-aviv
/fr/jaffa-hotels-guide,/fr/best-hotels-tel-aviv
/fr/jaffa-travel-guide,/fr/tel-aviv
/fr/jericho-day-trip-from-jerusalem,/fr/jerusalem-tours-compared
/fr/jerusalem-armenian-quarter,/fr/jerusalem
/fr/jerusalem-coffee-guide,/fr/jerusalem
/fr/jerusalem-festival-of-light,/fr/jerusalem
/fr/jerusalem-first-station-guide,/fr/jerusalem
/fr/jerusalem-food-guide,/fr/jerusalem
/fr/jerusalem-light-rail-guide,/fr/jerusalem
/fr/jerusalem-mount-zion-guide,/fr/jerusalem
/fr/jerusalem-museums,/fr/jerusalem
/fr/jerusalem-neighborhoods-guide,/fr/jerusalem
/fr/jerusalem-nightlife,/fr/jerusalem
/fr/jerusalem-old-city-walking-tour,/fr/jerusalem-tours-compared
/fr/jerusalem-pilgrimage-road,/fr/jerusalem
/fr/jerusalem-trail,/fr/jerusalem
/fr/jerusalem/city-of-david,/fr/jerusalem
/fr/jerusalem/garden-tomb,/fr/jerusalem
/fr/jerusalem/israel-museum,/fr/jerusalem
/fr/jerusalem/mahane-yehuda,/fr/jerusalem
/fr/jerusalem/mount-of-olives,/fr/jerusalem
/fr/jerusalem/old-city,/fr/jerusalem
/fr/jerusalem/tower-of-david,/fr/jerusalem
/fr/jerusalem/via-dolorosa,/fr/jerusalem
/fr/jerusalem/western-wall,/fr/jerusalem
/fr/jerusalem/yad-vashem,/fr/jerusalem
/fr/jesus-trail-israel,/fr/first-time-in-israel
/fr/jewish-genealogy-israel-trip,/fr/first-time-in-israel
/fr/jewish-heritage-israel,/fr/first-time-in-israel
/fr/jewish-quarter-jerusalem-guide,/fr/jerusalem
/fr/jordan-pass-guide,/fr/first-time-in-israel
/fr/jordan-river-baptism,/fr/galilee
/fr/judean-hills-wine-trail,/fr/first-time-in-israel
/fr/kerem-hateimanim-tel-aviv,/fr/tel-aviv
/fr/keshet-cave-guide,/fr/first-time-in-israel
/fr/kibbutz-hotels-israel,/fr/best-hotels-jerusalem
/fr/kosher-food-guide,/fr/first-time-in-israel
/fr/lag-baomer-israel,/fr/best-time-to-visit-israel
/fr/latrun-guide,/fr/first-time-in-israel
/fr/layover-jerusalem,/fr/jerusalem
/fr/layover-tel-aviv,/fr/tel-aviv
/fr/lgbtq-travel-israel,/fr/first-time-in-israel
/fr/luxury-arava-desert,/fr/negev
/fr/luxury-travel-israel,/fr/first-time-in-israel
/fr/maccabiah-games-2026,/fr/first-time-in-israel
/fr/mahane-yehuda-market-guide,/fr/first-time-in-israel
/fr/masada-dead-sea-day-trip,/fr/dead-sea-tours-compared
/fr/masada-tours-compared,/fr/dead-sea-tours-compared
/fr/megiddo-jezreel-valley-guide,/fr/first-time-in-israel
/fr/mitzpe-ramon-guide,/fr/negev
/fr/mount-hermon-skiing,/fr/galilee
/fr/mount-of-olives-guide,/fr/jerusalem
/fr/mount-tabor-guide,/fr/first-time-in-israel
/fr/museum-of-tolerance-jerusalem,/fr/jerusalem
/fr/muslim-travel-israel,/fr/first-time-in-israel
/fr/nahal-alexander-guide,/fr/first-time-in-israel
/fr/nahal-pratzim-guide,/fr/first-time-in-israel
/fr/nahalat-binyamin-market-tel-aviv,/fr/tel-aviv
/fr/national-library-israel,/fr/first-time-in-israel
/fr/nativity-trail-guide,/fr/first-time-in-israel
/fr/nazareth,/fr/galilee
/fr/nazareth-tours-compared,/fr/jerusalem-tours-compared
/fr/nazareth-travel-guide,/fr/galilee
/fr/nazareth/basilica-of-the-annunciation,/fr/galilee
/fr/nazareth/marys-well,/fr/galilee
/fr/nazareth/mount-of-precipice,/fr/galilee
/fr/nazareth/old-city,/fr/galilee
/fr/negev-highway-40-guide,/fr/negev
/fr/negev-incense-route,/fr/negev
/fr/negev-jeep-tours,/fr/jerusalem-tours-compared
/fr/negev-makhtesh-guide,/fr/negev
/fr/negev-multi-day-hiking,/fr/negev
/fr/negev-tours-compared,/fr/jerusalem-tours-compared
/fr/negev/avdat,/fr/negev
/fr/negev/bedouin-hospitality,/fr/negev
/fr/negev/ein-avdat,/fr/negev
/fr/negev/mitzpe-ramon,/fr/negev
/fr/negev/sde-boker,/fr/negev
/fr/netanya-guide,/fr/haifa
/fr/neve-tzedek-guide,/fr/tel-aviv
/fr/new-luxury-hotels-israel-2026,/fr/best-hotels-jerusalem
/fr/nimrod-fortress-guide,/fr/first-time-in-israel
/fr/northern-israel-road-trip,/fr/car-rental-israel
/fr/palmahim-beach-guide,/fr/first-time-in-israel
/fr/passover-in-israel,/fr/best-time-to-visit-israel
/fr/pet-friendly-israel,/fr/first-time-in-israel
/fr/petra-from-eilat-vs-amman,/fr/eilat
/fr/petra-tours-compared,/fr/jerusalem-tours-compared
/fr/petra-wadi-rum-from-eilat,/fr/eilat
/fr/private-tours-israel,/fr/jerusalem-tours-compared
/fr/purim-in-israel,/fr/best-time-to-visit-israel
/fr/qumran-guide,/fr/dead-sea
/fr/rav-kav-israel,/fr/first-time-in-israel
/fr/red-canyon-eilat,/fr/eilat
/fr/rosh-hanikra-guide,/fr/haifa
/fr/rosh-hashanah-in-israel,/fr/best-time-to-visit-israel
/fr/rosh-pina-guide,/fr/first-time-in-israel
/fr/safed-tzfat-guide,/fr/is-israel-safe
/fr/sarona-market-tel-aviv,/fr/tel-aviv
/fr/schottenstein-campus-jerusalem,/fr/jerusalem
/fr/sde-boker-ein-avdat-guide,/fr/negev
/fr/sea-of-galilee-beaches,/fr/galilee
/fr/sea-of-galilee-boat-tour,/fr/jerusalem-tours-compared
/fr/sea-of-galilee-guide,/fr/galilee
/fr/shabbat-dinner-experience,/fr/first-time-in-israel
/fr/shabbat-guide,/fr/first-time-in-israel
/fr/shopping-in-israel,/fr/first-time-in-israel
/fr/skyfield-extreme-park-jaffa,/fr/tel-aviv
/fr/solo-female-travel-israel,/fr/first-time-in-israel
/fr/solo-travel-israel,/fr/first-time-in-israel
/fr/soreq-cave-guide,/fr/first-time-in-israel
/fr/south-israel-itinerary,/fr/itineraries/7-days-in-israel
/fr/sports-events-israel,/fr/first-time-in-israel
/fr/sukkot-in-israel,/fr/best-time-to-visit-israel
/fr/sustainable-travel-israel,/fr/first-time-in-israel
/fr/tabgha-church-guide,/fr/first-time-in-israel
/fr/tel-afek-guide,/fr/first-time-in-israel
/fr/tel-arad-guide,/fr/negev
/fr/tel-aviv-bachelorette,/fr/tel-aviv
/fr/tel-aviv-beach-guide,/fr/tel-aviv
/fr/tel-aviv-carmel-market,/fr/car-rental-israel
/fr/tel-aviv-coffee-guide,/fr/tel-aviv
/fr/tel-aviv-food-guide,/fr/tel-aviv
/fr/tel-aviv-light-rail,/fr/tel-aviv
/fr/tel-aviv-museums,/fr/tel-aviv
/fr/tel-aviv-neighborhoods-guide,/fr/tel-aviv
/fr/tel-aviv-nightlife,/fr/tel-aviv
/fr/tel-aviv-pride-guide,/fr/tel-aviv
/fr/tel-aviv-street-art,/fr/tel-aviv
/fr/tel-aviv-things-to-do,/fr/tel-aviv
/fr/tel-aviv-to-jerusalem,/fr/jerusalem
/fr/tel-aviv-tours-compared,/fr/day-trips-from-tel-aviv
/fr/tel-aviv-vs-jerusalem,/fr/jerusalem
/fr/tel-aviv-white-city,/fr/tel-aviv
/fr/tel-aviv/carmel-market,/fr/tel-aviv
/fr/tel-aviv/florentin,/fr/tel-aviv
/fr/tel-aviv/neve-tzedek,/fr/tel-aviv
/fr/tel-aviv/old-jaffa,/fr/tel-aviv
/fr/tel-aviv/rothschild,/fr/tel-aviv
/fr/tel-aviv/tayelet,/fr/tel-aviv
/fr/tel-aviv/tel-aviv-museum,/fr/tel-aviv
/fr/tel-gezer-guide,/fr/first-time-in-israel
/fr/tel-megiddo-guide,/fr/first-time-in-israel
/fr/temple-mount-visitor-guide,/fr/first-time-in-israel
/fr/terminal-park-eilat,/fr/eilat
/fr/tiberias-guide,/fr/galilee
/fr/timna-park-guide,/fr/eilat
/fr/tower-of-david-guide,/fr/first-time-in-israel
/fr/transportation,/fr/first-time-in-israel
/fr/traveling-israel-jewish-holidays,/fr/best-time-to-visit-israel
/fr/valley-of-elah-guide,/fr/first-time-in-israel
/fr/valley-of-tears-golan,/fr/galilee
/fr/vegan-vegetarian-israel,/fr/first-time-in-israel
/fr/via-dolorosa-guide,/fr/first-time-in-israel
/fr/via-ferrata-israel,/fr/first-time-in-israel
/fr/wadi-qelt-monastery-guide,/fr/first-time-in-israel
/fr/water-hiking-israel,/fr/first-time-in-israel
/fr/wedding-in-israel,/fr/first-time-in-israel
/fr/western-galilee-guide,/fr/galilee
/fr/western-wall-guide,/fr/jerusalem
/fr/western-wall-tunnels-guide,/fr/jerusalem
/fr/whats-open-on-shabbat,/fr/first-time-in-israel
/fr/yad-vashem-visitor-guide,/fr/jerusalem
/fr/yam-caesarea-guide,/fr/haifa
/fr/yam-lyam-sea-to-sea-hike,/fr/first-time-in-israel
/fr/yom-haatzmaut-guide,/fr/best-time-to-visit-israel
/fr/yom-kippur-in-israel,/fr/best-time-to-visit-israel
/fr/zichron-yaakov-guide,/fr/haifa
/fr/zionist-heritage-trail,/fr/first-time-in-israel
/fr/zippori-sepphoris-guide,/fr/first-time-in-israel
/free-things-to-do-israel,/first-time-in-israel
/galilee-christian-sites-circuit,/galilee
/galilee-culinary-institute-gonen,/galilee
/galilee-food-guide,/galilee
/galilee-tours-compared,/jerusalem-tours-compared
/galilee-vs-golan-weekend,/galilee
/galilee-wine-trail,/galilee
/galilee/capernaum,/galilee
/galilee/magdala,/galilee
/galilee/mount-arbel,/galilee
/galilee/mount-of-beatitudes,/galilee
/galilee/tiberias,/galilee
/galilee/yardenit,/galilee
/gamla-nature-reserve-guide,/first-time-in-israel
/gan-hashlosha-guide,/first-time-in-israel
/gay-tel-aviv,/tel-aviv
/getyourguide-vs-viator-israel,/first-time-in-israel
/glamping-israel,/first-time-in-israel
/golan,/galilee
/golan-heights-guide,/galilee
/golan-heights-hiking-trails,/galilee
/golan-heights-tours-compared,/jerusalem-tours-compared
/golan-heights-wineries,/galilee
/golan/banias,/galilee
/golan/druze-villages,/galilee
/golan/mount-bental,/galilee
/golan/mount-hermon,/galilee
/golan/nimrod-fortress,/galilee
/guided-vs-self-guided-israel,/jerusalem-tours-compared
/hai-bar-yotvata-guide,/first-time-in-israel
/haifa-cruise-terminal-guide,/haifa
/haifa-food-guide,/haifa
/haifa-international-film-festival-guide,/haifa
/haifa-neighborhoods-guide,/haifa
/haifa-shore-excursions,/day-trips-from-tel-aviv
/haifa-tours-compared,/day-trips-from-tel-aviv
/haifa-travel-guide,/haifa
/haifa/bahai-gardens,/haifa
/haifa/carmel-national-park,/haifa
/haifa/german-colony,/haifa
/haifa/stella-maris,/haifa
/haifa/wadi-nisnas,/haifa
/hamat-gader-guide,/first-time-in-israel
/hanukkah-in-israel,/best-time-to-visit-israel
/hayarkon-park-tel-aviv,/tel-aviv
/herodion-guide,/first-time-in-israel
/herzliya-guide,/first-time-in-israel
/hiking-in-israel,/first-time-in-israel
/holy-sites-dress-code-etiquette,/first-time-in-israel
/hotels-near-ben-gurion-airport,/best-hotels-jerusalem
/how-to-hire-licensed-tour-guide-israel,/jerusalem-tours-compared
/hula-valley-crane-migration-guide,/first-time-in-israel
/israel-5-vs-7-vs-10-days,/itineraries/7-days-in-israel
/israel-accessible-travel,/first-time-in-israel
/israel-accommodation-guide,/best-hotels-jerusalem
/israel-adventure-sports,/first-time-in-israel
/israel-affordable-luxury,/first-time-in-israel
/israel-after-birthright,/first-time-in-israel
/israel-agritourism-guide,/jerusalem-tours-compared
/israel-anzac-heritage,/first-time-in-israel
/israel-archaeology-experience,/first-time-in-israel
/israel-base-city-guide,/first-time-in-israel
/israel-best-scenic-drives,/car-rental-israel
/israel-biblical-highway,/first-time-in-israel
/israel-business-travel-guide,/first-time-in-israel
/israel-by-month,/first-time-in-israel
/israel-campervan,/first-time-in-israel
/israel-camping-guide,/first-time-in-israel
/israel-car-rental-comparison,/car-rental-israel
/israel-car-rental-quiz,/car-rental-israel
/israel-cost-budget,/first-time-in-israel
/israel-craft-beer,/first-time-in-israel
/israel-craft-spirits,/first-time-in-israel
/israel-cruise-excursion-planner,/day-trips-from-tel-aviv
/israel-culinary-heritage-tourism,/jerusalem-tours-compared
/israel-diamonds-jewelry,/first-time-in-israel
/israel-distance-calculator,/first-time-in-israel
/israel-drone-laws-guide,/first-time-in-israel
/israel-effective-days,/itineraries/7-days-in-israel
/israel-egypt-guide,/first-time-in-israel
/israel-esim,/first-time-in-israel
/israel-eta-guide,/visa-information
/israel-ev-road-trip,/car-rental-israel
/israel-evening-activities,/first-time-in-israel
/israel-events-festivals,/best-time-to-visit-israel
/israel-experience-finder,/first-time-in-israel
/israel-film-tv-tourism,/jerusalem-tours-compared
/israel-fine-dining,/first-time-in-israel
/israel-food-festivals,/best-time-to-visit-israel
/israel-food-tours-cooking-classes,/jerusalem-tours-compared
/israel-for-american-travelers,/first-time-in-israel
/israel-for-argentinian-travelers,/first-time-in-israel
/israel-for-australian-travelers,/first-time-in-israel
/israel-for-brazilian-travelers,/first-time-in-israel
/israel-for-british-travelers,/first-time-in-israel
/israel-for-canadian-travelers,/first-time-in-israel
/israel-for-chinese-travelers,/first-time-in-israel
/israel-for-czech-travelers,/first-time-in-israel
/israel-for-dutch-travelers,/first-time-in-israel
/israel-for-filipino-travelers,/first-time-in-israel
/israel-for-french-travelers,/first-time-in-israel
/israel-for-georgian-travelers,/first-time-in-israel
/israel-for-german-travelers,/first-time-in-israel
/israel-for-gulf-travelers,/first-time-in-israel
/israel-for-indian-travelers,/first-time-in-israel
/israel-for-irish-travelers,/first-time-in-israel
/israel-for-italian-travelers,/first-time-in-israel
/israel-for-japanese-travelers,/first-time-in-israel
/israel-for-korean-travelers,/first-time-in-israel
/israel-for-nepali-travelers,/first-time-in-israel
/israel-for-nordic-travelers,/first-time-in-israel
/israel-for-polish-travelers,/first-time-in-israel
/israel-for-portuguese-travelers,/first-time-in-israel
/israel-for-russian-speaking-travelers,/first-time-in-israel
/israel-for-seniors,/first-time-in-israel
/israel-for-serbian-travelers,/first-time-in-israel
/israel-for-south-african-travelers,/first-time-in-israel
/israel-for-spanish-travelers,/first-time-in-israel
/israel-for-swiss-travelers,/first-time-in-israel
/israel-for-thai-travelers,/first-time-in-israel
/israel-for-turkish-travelers,/first-time-in-israel
/israel-gluten-free-guide,/first-time-in-israel
/israel-golden-hour,/best-time-to-visit-israel
/israel-group-travel,/first-time-in-israel
/israel-hebrew-phrases,/first-time-in-israel
/israel-hidden-gems,/first-time-in-israel
/israel-holiday-planner,/best-time-to-visit-israel
/israel-homeport-cruise,/first-time-in-israel
/israel-honeymoon,/first-time-in-israel
/israel-horseback-riding,/first-time-in-israel
/israel-how-many-days,/itineraries/7-days-in-israel
/israel-hummus-trail,/first-time-in-israel
/israel-in-april,/best-time-to-visit-israel
/israel-in-august,/best-time-to-visit-israel
/israel-in-autumn,/first-time-in-israel
/israel-in-december,/best-time-to-visit-israel
/israel-in-february,/best-time-to-visit-israel
/israel-in-january,/best-time-to-visit-israel
/israel-in-july,/best-time-to-visit-israel
/israel-in-june,/best-time-to-visit-israel
/israel-in-march,/best-time-to-visit-israel
/israel-in-may,/best-time-to-visit-israel
/israel-in-november,/best-time-to-visit-israel
/israel-in-october,/best-time-to-visit-israel
/israel-in-september,/best-time-to-visit-israel
/israel-in-spring,/first-time-in-israel
/israel-in-summer,/first-time-in-israel
/israel-in-winter,/first-time-in-israel
/israel-itinerary-checker,/itineraries/7-days-in-israel
/israel-jordan-itinerary,/itineraries/7-days-in-israel
/israel-kayaking,/first-time-in-israel
/israel-kibbutz-volunteer-guide,/first-time-in-israel
/israel-map,/first-time-in-israel
/israel-medical-tourism,/jerusalem-tours-compared
/israel-mediterranean-cruise-guide,/first-time-in-israel
/israel-military-heritage,/first-time-in-israel
/israel-money-guide,/first-time-in-israel
/israel-museum-jerusalem,/jerusalem
/israel-music-festivals,/best-time-to-visit-israel
/israel-national-bike-trail,/first-time-in-israel
/israel-national-parks-pass,/first-time-in-israel
/israel-national-trail-hiking,/first-time-in-israel
/israel-orthodox-jewish-travel,/first-time-in-israel
/israel-packing-list,/first-time-in-israel
/israel-packing-list-guide,/first-time-in-israel
/israel-paragliding-guide,/first-time-in-israel
/israel-parks-pass-calculator,/first-time-in-israel
/israel-photography-guide,/first-time-in-israel
/israel-photography-tours,/jerusalem-tours-compared
/israel-points-miles-guide,/first-time-in-israel
/israel-power-plug,/first-time-in-israel
/israel-rainy-day-activities,/first-time-in-israel
/israel-ramadan-guide,/best-time-to-visit-israel
/israel-restaurant-finder,/first-time-in-israel
/israel-road-trip,/car-rental-israel
/israel-rooftop-bars,/first-time-in-israel
/israel-season-picker,/best-time-to-visit-israel
/israel-shabbat-calendar,/best-time-to-visit-israel
/israel-shabbat-countdown,/best-time-to-visit-israel
/israel-small-group-tours,/jerusalem-tours-compared
/israel-spring-wildflowers,/best-time-to-visit-israel
/israel-stargazing,/first-time-in-israel
/israel-surfing,/first-time-in-israel
/israel-thermal-springs,/first-time-in-israel
/israel-tipping-currency,/first-time-in-israel
/israel-tour-operators-guide,/jerusalem-tours-compared
/israel-transport-cost-estimator,/first-time-in-israel
/israel-travel-2026,/first-time-in-israel
/israel-travel-apps,/first-time-in-israel
/israel-travel-insurance,/first-time-in-israel
/israel-travel-time,/first-time-in-israel
/israel-travel-tips,/first-time-in-israel
/israel-trip-cost-by-style,/first-time-in-israel
/israel-trip-cost-calculator,/first-time-in-israel
/israel-unesco-sites,/first-time-in-israel
/israel-vat-refund,/first-time-in-israel
/israel-visa-eta-checker,/visa-information
/israel-visa-extension,/visa-information
/israel-vs-albania,/first-time-in-israel
/israel-vs-cyprus,/first-time-in-israel
/israel-vs-dubai,/first-time-in-israel
/israel-vs-egypt,/first-time-in-israel
/israel-vs-france,/first-time-in-israel
/israel-vs-greece,/first-time-in-israel
/israel-vs-italy,/first-time-in-israel
/israel-vs-jordan,/first-time-in-israel
/israel-vs-portugal,/first-time-in-israel
/israel-vs-spain,/first-time-in-israel
/israel-vs-turkey,/first-time-in-israel
/israel-water-parks,/first-time-in-israel
/israel-weather-packing,/best-time-to-visit-israel
/israel-wellness-spa,/first-time-in-israel
/israel-wine-wineries,/first-time-in-israel
/israel-with-kids,/first-time-in-israel
/israel-with-teenagers,/first-time-in-israel
/israel-working-holiday-visa,/visa-information
/israel-yoga-retreats,/first-time-in-israel
/israel-zimmer-guide,/best-hotels-jerusalem
/israeli-breakfast-guide,/first-time-in-israel
/israeli-food-cuisine-guide,/first-time-in-israel
/israeli-passport-stamp,/visa-information
/israeli-street-food-guide,/first-time-in-israel
/itineraries/14-days-in-israel,/itineraries/10-days-in-israel
/itineraries/2-days-in-tel-aviv,/tel-aviv
/itineraries/3-days-in-jerusalem,/jerusalem
/itineraries/5-days-in-israel,/itineraries/7-days-in-israel
/jacob-ladder-festival,/best-time-to-visit-israel
/jaffa-flea-market-guide,/tel-aviv
/jaffa-food-guide,/tel-aviv
/jaffa-hotels-guide,/best-hotels-tel-aviv
/jaffa-travel-guide,/tel-aviv
/jericho-day-trip-from-jerusalem,/jerusalem-tours-compared
/jerusalem-armenian-quarter,/jerusalem
/jerusalem-beer-festival,/jerusalem
/jerusalem-coffee-guide,/jerusalem
/jerusalem-festival-of-light,/jerusalem
/jerusalem-first-station-guide,/jerusalem
/jerusalem-food-guide,/jerusalem
/jerusalem-light-rail-guide,/jerusalem
/jerusalem-mount-zion-guide,/jerusalem
/jerusalem-museums,/jerusalem
/jerusalem-neighborhoods-guide,/jerusalem
/jerusalem-nightlife,/jerusalem
/jerusalem-old-city-walking-tour,/jerusalem-tours-compared
/jerusalem-pilgrimage-road,/jerusalem
/jerusalem-ramparts-walk,/jerusalem
/jerusalem-trail,/jerusalem
/jerusalem/city-of-david,/jerusalem
/jerusalem/garden-tomb,/jerusalem
/jerusalem/holy-sepulchre,/jerusalem
/jerusalem/israel-museum,/jerusalem
/jerusalem/mahane-yehuda,/jerusalem
/jerusalem/mount-of-olives,/jerusalem
/jerusalem/old-city,/jerusalem
/jerusalem/temple-mount,/jerusalem
/jerusalem/tower-of-david,/jerusalem
/jerusalem/via-dolorosa,/jerusalem
/jerusalem/western-wall,/jerusalem
/jerusalem/yad-vashem,/jerusalem
/jesus-trail-israel,/first-time-in-israel
/jewish-genealogy-israel-trip,/first-time-in-israel
/jewish-heritage-israel,/first-time-in-israel
/jewish-quarter-jerusalem-guide,/jerusalem
/jordan-pass-guide,/first-time-in-israel
/jordan-river-baptism,/galilee
/judean-hills-wine-trail,/first-time-in-israel
/kerem-hateimanim-tel-aviv,/tel-aviv
/keshet-cave-guide,/first-time-in-israel
/kibbutz-hotels-israel,/best-hotels-jerusalem
/kosher-food-guide,/first-time-in-israel
/lag-baomer-israel,/best-time-to-visit-israel
/latrun-guide,/first-time-in-israel
/layover-jerusalem,/jerusalem
/layover-tel-aviv,/tel-aviv
/lgbtq-travel-israel,/first-time-in-israel
/luxury-arava-desert,/negev
/luxury-travel-israel,/first-time-in-israel
/maccabiah-games-2026,/first-time-in-israel
/mahane-yehuda-market-guide,/first-time-in-israel
/masada-dead-sea-day-trip,/dead-sea-tours-compared
/masada-tours-compared,/dead-sea-tours-compared
/megiddo-jezreel-valley-guide,/first-time-in-israel
/mitzpe-ramon-guide,/negev
/mount-hermon-skiing,/galilee
/mount-of-olives-guide,/jerusalem
/mount-tabor-guide,/first-time-in-israel
/museum-of-tolerance-jerusalem,/jerusalem
/muslim-travel-israel,/first-time-in-israel
/nahal-alexander-guide,/first-time-in-israel
/nahal-pratzim-guide,/first-time-in-israel
/nahalat-binyamin-market-tel-aviv,/tel-aviv
/national-library-israel,/first-time-in-israel
/nativity-trail-guide,/first-time-in-israel
/nazareth,/galilee
/nazareth-tours-compared,/jerusalem-tours-compared
/nazareth-travel-guide,/galilee
/nazareth/basilica-of-the-annunciation,/galilee
/nazareth/marys-well,/galilee
/nazareth/mount-of-precipice,/galilee
/nazareth/old-city,/galilee
/negev-highway-40-guide,/negev
/negev-incense-route,/negev
/negev-jeep-tours,/jerusalem-tours-compared
/negev-makhtesh-guide,/negev
/negev-multi-day-hiking,/negev
/negev-tours-compared,/jerusalem-tours-compared
/negev-wine-guide,/negev
/negev/avdat,/negev
/negev/bedouin-hospitality,/negev
/negev/ein-avdat,/negev
/negev/mitzpe-ramon,/negev
/negev/sde-boker,/negev
/netanya-guide,/haifa
/neve-tzedek-guide,/tel-aviv
/new-luxury-hotels-israel-2026,/best-hotels-jerusalem
/nimrod-fortress-guide,/first-time-in-israel
/northern-israel-road-trip,/car-rental-israel
/olive-harvest-galilee-guide,/galilee
/palmahim-beach-guide,/first-time-in-israel
/passover-in-israel,/best-time-to-visit-israel
/pet-friendly-israel,/first-time-in-israel
/petra-from-eilat-vs-amman,/eilat
/petra-tours-compared,/jerusalem-tours-compared
/petra-wadi-rum-from-eilat,/eilat
/pitch,/
/private-tours-israel,/jerusalem-tours-compared
/purim-in-israel,/best-time-to-visit-israel
/qumran-guide,/dead-sea
/rav-kav-israel,/first-time-in-israel
/red-canyon-eilat,/eilat
/red-sea-guitar-festival-eilat,/eilat
/red-sea-jazz-festival-eilat,/eilat
/rosh-hanikra-guide,/haifa
/rosh-hashanah-in-israel,/best-time-to-visit-israel
/rosh-pina-guide,/first-time-in-israel
/safed-tzfat-guide,/is-israel-safe
/sarona-market-tel-aviv,/tel-aviv
/schottenstein-campus-jerusalem,/jerusalem
/sde-boker-ein-avdat-guide,/negev
/sea-of-galilee-beaches,/galilee
/sea-of-galilee-boat-tour,/jerusalem-tours-compared
/sea-of-galilee-guide,/galilee
/shabbat-dinner-experience,/first-time-in-israel
/shabbat-guide,/first-time-in-israel
/shavuot-in-israel,/best-time-to-visit-israel
/shopping-in-israel,/first-time-in-israel
/simchat-torah-in-israel,/first-time-in-israel
/skyfield-extreme-park-jaffa,/tel-aviv
/solo-female-travel-israel,/first-time-in-israel
/solo-travel-israel,/first-time-in-israel
/soreq-cave-guide,/first-time-in-israel
/south-israel-itinerary,/itineraries/7-days-in-israel
/sports-events-israel,/first-time-in-israel
/sukkot-in-israel,/best-time-to-visit-israel
/sukkot-in-jerusalem,/jerusalem
/sukkot-in-tel-aviv,/tel-aviv
/sustainable-travel-israel,/first-time-in-israel
/tabgha-church-guide,/first-time-in-israel
/tamar-festival-dead-sea,/dead-sea
/tel-afek-guide,/first-time-in-israel
/tel-arad-guide,/negev
/tel-aviv-bachelorette,/tel-aviv
/tel-aviv-beach-guide,/tel-aviv
/tel-aviv-carmel-market,/car-rental-israel
/tel-aviv-coffee-guide,/tel-aviv
/tel-aviv-food-guide,/tel-aviv
/tel-aviv-light-rail,/tel-aviv
/tel-aviv-museums,/tel-aviv
/tel-aviv-neighborhoods-guide,/tel-aviv
/tel-aviv-nightlife,/tel-aviv
/tel-aviv-pride-guide,/tel-aviv
/tel-aviv-street-art,/tel-aviv
/tel-aviv-things-to-do,/tel-aviv
/tel-aviv-to-jerusalem,/jerusalem
/tel-aviv-tours-compared,/day-trips-from-tel-aviv
/tel-aviv-vs-jerusalem,/jerusalem
/tel-aviv-white-city,/tel-aviv
/tel-aviv/carmel-market,/tel-aviv
/tel-aviv/dizengoff,/tel-aviv
/tel-aviv/florentin,/tel-aviv
/tel-aviv/hatachana,/tel-aviv
/tel-aviv/neve-tzedek,/tel-aviv
/tel-aviv/old-jaffa,/tel-aviv
/tel-aviv/rothschild,/tel-aviv
/tel-aviv/tayelet,/tel-aviv
/tel-aviv/tel-aviv-museum,/tel-aviv
/tel-gezer-guide,/first-time-in-israel
/tel-megiddo-guide,/first-time-in-israel
/temple-mount-visitor-guide,/first-time-in-israel
/terminal-park-eilat,/eilat
/tiberias-guide,/galilee
/timna-park-guide,/eilat
/tower-of-david-guide,/first-time-in-israel
/transport/ben-gurion-to-jerusalem,/first-time-in-israel
/transport/ben-gurion-to-tel-aviv,/first-time-in-israel
/transport/haifa-to-akko,/first-time-in-israel
/transport/jerusalem-to-dead-sea,/first-time-in-israel
/transport/jerusalem-to-nazareth,/first-time-in-israel
/transport/tel-aviv-to-dead-sea,/first-time-in-israel
/transport/tel-aviv-to-eilat,/first-time-in-israel
/transport/tel-aviv-to-haifa,/first-time-in-israel
/transportation,/first-time-in-israel
/traveling-israel-jewish-holidays,/best-time-to-visit-israel
/valley-of-elah-guide,/first-time-in-israel
/valley-of-tears-golan,/galilee
/vegan-vegetarian-israel,/first-time-in-israel
/via-dolorosa-guide,/first-time-in-israel
/via-ferrata-israel,/first-time-in-israel
/wadi-qelt-monastery-guide,/first-time-in-israel
/water-hiking-israel,/first-time-in-israel
/wedding-in-israel,/first-time-in-israel
/western-galilee-guide,/galilee
/western-wall-guide,/jerusalem
/western-wall-tunnels-guide,/jerusalem
/whats-open-on-shabbat,/first-time-in-israel
/where-to-stay/dead-sea,/dead-sea-hotels-guide
/where-to-stay/jerusalem,/best-hotels-jerusalem
/where-to-stay/tel-aviv,/best-hotels-tel-aviv
/which-israel-region-quiz,/first-time-in-israel
/yad-vashem-visitor-guide,/jerusalem
/yam-caesarea-guide,/haifa
/yam-lyam-sea-to-sea-hike,/first-time-in-israel
/yom-haatzmaut-guide,/best-time-to-visit-israel
/yom-kippur-in-israel,/best-time-to-visit-israel
/zichron-yaakov-guide,/haifa
/zionist-heritage-trail,/first-time-in-israel
/zippori-sepphoris-guide,/first-time-in-israel
